county,candidate,votes,district,party,office
Adams,Jim Petro,4562,,R,Attorney General
Adams,Leigh Herington,2139,,D,Attorney General
Allen,Jim Petro,21330,,R,Attorney General
Allen,Leigh Herington,8070,,D,Attorney General
Ashland,Jim Petro,10726,,R,Attorney General
Ashland,Leigh Herington,4056,,D,Attorney General
Ashtabula,Jim Petro,15850,,R,Attorney General
Ashtabula,Leigh Herington,10731,,D,Attorney General
Athens,Leigh Herington,7964,,D,Attorney General
Athens,Jim Petro,7880,,R,Attorney General
Auglaize,Jim Petro,10186,,R,Attorney General
Auglaize,Leigh Herington,3086,,D,Attorney General
Belmont,Leigh Herington,10382,,D,Attorney General
Belmont,Jim Petro,9698,,R,Attorney General
Brown,Jim Petro,7583,,R,Attorney General
Brown,Leigh Herington,3607,,D,Attorney General
Butler,Jim Petro,61322,,R,Attorney General
Butler,Leigh Herington,23240,,D,Attorney General
Carroll,Jim Petro,5454,,R,Attorney General
Carroll,Leigh Herington,3080,,D,Attorney General
Champaign,Jim Petro,7724,,R,Attorney General
Champaign,Leigh Herington,2805,,D,Attorney General
Clark,Jim Petro,24495,,R,Attorney General
Clark,Leigh Herington,13480,,D,Attorney General
Clermont,Jim Petro,31132,,R,Attorney General
Clermont,Leigh Herington,10823,,D,Attorney General
Clinton,Jim Petro,7724,,R,Attorney General
Clinton,Leigh Herington,2456,,D,Attorney General
Columbiana,Jim Petro,18805,,R,Attorney General
Columbiana,Leigh Herington,11360,,D,Attorney General
Coshocton,Jim Petro,6750,,R,Attorney General
Coshocton,Leigh Herington,3343,,D,Attorney General
Crawford,Jim Petro,9273,,R,Attorney General
Crawford,Leigh Herington,3755,,D,Attorney General
Cuyahoga,Jim Petro,193774,,R,Attorney General
Cuyahoga,Leigh Herington,167782,,D,Attorney General
Darke,Jim Petro,12998,,R,Attorney General
Darke,Leigh Herington,4093,,D,Attorney General
Defiance,Jim Petro,7068,,R,Attorney General
Defiance,Leigh Herington,3485,,D,Attorney General
Delaware,Jim Petro,30447,,R,Attorney General
Delaware,Leigh Herington,8316,,D,Attorney General
Erie,Jim Petro,14598,,R,Attorney General
Erie,Leigh Herington,9671,,D,Attorney General
Fairfield,Jim Petro,29125,,R,Attorney General
Fairfield,Leigh Herington,9346,,D,Attorney General
Fayette,Jim Petro,4924,,R,Attorney General
Fayette,Leigh Herington,1528,,D,Attorney General
Franklin,Jim Petro,172230,,R,Attorney General
Franklin,Leigh Herington,98721,,D,Attorney General
Fulton,Jim Petro,9719,,R,Attorney General
Fulton,Leigh Herington,3020,,D,Attorney General
Gallia,Jim Petro,5862,,R,Attorney General
Gallia,Leigh Herington,3059,,D,Attorney General
Geauga,Jim Petro,22563,,R,Attorney General
Geauga,Leigh Herington,8382,,D,Attorney General
Greene,Jim Petro,30696,,R,Attorney General
Greene,Leigh Herington,11517,,D,Attorney General
Guernsey,Jim Petro,6875,,R,Attorney General
Guernsey,Leigh Herington,3756,,D,Attorney General
Hamilton,Jim Petro,152681,,R,Attorney General
Hamilton,Leigh Herington,84064,,D,Attorney General
Hancock,Jim Petro,16126,,R,Attorney General
Hancock,Leigh Herington,4111,,D,Attorney General
Hardin,Jim Petro,5586,,R,Attorney General
Hardin,Leigh Herington,2585,,D,Attorney General
Harrison,Jim Petro,3050,,R,Attorney General
Harrison,Leigh Herington,2517,,D,Attorney General
Henry,Jim Petro,6903,,R,Attorney General
Henry,Leigh Herington,2051,,D,Attorney General
Highland,Jim Petro,7772,,R,Attorney General
Highland,Leigh Herington,3093,,D,Attorney General
Hocking,Jim Petro,4644,,R,Attorney General
Hocking,Leigh Herington,2823,,D,Attorney General
Holmes,Jim Petro,4680,,R,Attorney General
Holmes,Leigh Herington,1279,,D,Attorney General
Huron,Jim Petro,10425,,R,Attorney General
Huron,Leigh Herington,4349,,D,Attorney General
Jackson,Jim Petro,5696,,R,Attorney General
Jackson,Leigh Herington,2961,,D,Attorney General
Jefferson,Jim Petro,11507,,R,Attorney General
Jefferson,Leigh Herington,11063,,D,Attorney General
Knox,Jim Petro,10339,,R,Attorney General
Knox,Leigh Herington,3644,,D,Attorney General
Lake,Jim Petro,42253,,R,Attorney General
Lake,Leigh Herington,20073,,D,Attorney General
Lawrence,Jim Petro,8676,,R,Attorney General
Lawrence,Leigh Herington,6324,,D,Attorney General
Licking,Jim Petro,33756,,R,Attorney General
Licking,Leigh Herington,12758,,D,Attorney General
Logan,Jim Petro,9572,,R,Attorney General
Logan,Leigh Herington,2870,,D,Attorney General
Lorain,Jim Petro,45481,,R,Attorney General
Lorain,Leigh Herington,30303,,D,Attorney General
Lucas,Jim Petro,73309,,R,Attorney General
Lucas,Leigh Herington,45262,,D,Attorney General
Madison,Jim Petro,8016,,R,Attorney General
Madison,Leigh Herington,2379,,D,Attorney General
Mahoning,Jim Petro,47090,,R,Attorney General
Mahoning,Leigh Herington,33300,,D,Attorney General
Marion,Jim Petro,11810,,R,Attorney General
Marion,Leigh Herington,5309,,D,Attorney General
Medina,Jim Petro,32166,,R,Attorney General
Medina,Leigh Herington,13282,,D,Attorney General
Meigs,Jim Petro,4343,,R,Attorney General
Meigs,Leigh Herington,2227,,D,Attorney General
Mercer,Jim Petro,10899,,R,Attorney General
Mercer,Leigh Herington,3375,,D,Attorney General
Miami,Jim Petro,21925,,R,Attorney General
Miami,Leigh Herington,7437,,D,Attorney General
Monroe,Leigh Herington,2600,,D,Attorney General
Monroe,Jim Petro,2264,,R,Attorney General
Montgomery,Jim Petro,101186,,R,Attorney General
Montgomery,Leigh Herington,56073,,D,Attorney General
Morgan,Jim Petro,3192,,R,Attorney General
Morgan,Leigh Herington,1333,,D,Attorney General
Morrow,Jim Petro,6784,,R,Attorney General
Morrow,Leigh Herington,2675,,D,Attorney General
Muskingum,Jim Petro,15620,,R,Attorney General
Muskingum,Leigh Herington,6523,,D,Attorney General
Noble,Jim Petro,2604,,R,Attorney General
Noble,Leigh Herington,1550,,D,Attorney General
Ottawa,Jim Petro,9809,,R,Attorney General
Ottawa,Leigh Herington,4927,,D,Attorney General
Paulding,Jim Petro,3784,,R,Attorney General
Paulding,Leigh Herington,2260,,D,Attorney General
Perry,Jim Petro,5590,,R,Attorney General
Perry,Leigh Herington,3311,,D,Attorney General
Pickaway,Jim Petro,8566,,R,Attorney General
Pickaway,Leigh Herington,3111,,D,Attorney General
Pike,Jim Petro,3987,,R,Attorney General
Pike,Leigh Herington,3580,,D,Attorney General
Portage,Leigh Herington,22031,,D,Attorney General
Portage,Jim Petro,18875,,R,Attorney General
Preble,Jim Petro,8327,,R,Attorney General
Preble,Leigh Herington,3026,,D,Attorney General
Putnam,Jim Petro,9072,,R,Attorney General
Putnam,Leigh Herington,2872,,D,Attorney General
Richland,Jim Petro,23790,,R,Attorney General
Richland,Leigh Herington,12508,,D,Attorney General
Ross,Jim Petro,11611,,R,Attorney General
Ross,Leigh Herington,6009,,D,Attorney General
Sandusky,Jim Petro,12954,,R,Attorney General
Sandusky,Leigh Herington,5732,,D,Attorney General
Scioto,Jim Petro,11829,,R,Attorney General
Scioto,Leigh Herington,9608,,D,Attorney General
Seneca,Jim Petro,11833,,R,Attorney General
Seneca,Leigh Herington,4592,,D,Attorney General
Shelby,Jim Petro,10455,,R,Attorney General
Shelby,Leigh Herington,3793,,D,Attorney General
Stark,Jim Petro,68802,,R,Attorney General
Stark,Leigh Herington,42705,,D,Attorney General
Summit,Jim Petro,85609,,R,Attorney General
Summit,Leigh Herington,69049,,D,Attorney General
Trumbull,Jim Petro,38914,,R,Attorney General
Trumbull,Leigh Herington,30302,,D,Attorney General
Tuscarawas,Jim Petro,14856,,R,Attorney General
Tuscarawas,Leigh Herington,9603,,D,Attorney General
Union,Jim Petro,9416,,R,Attorney General
Union,Leigh Herington,2545,,D,Attorney General
Van Wert,Jim Petro,6536,,R,Attorney General
Van Wert,Leigh Herington,2380,,D,Attorney General
Vinton,Jim Petro,2249,,R,Attorney General
Vinton,Leigh Herington,1393,,D,Attorney General
Warren,Jim Petro,38074,,R,Attorney General
Warren,Leigh Herington,10273,,D,Attorney General
Washington,Jim Petro,11126,,R,Attorney General
Washington,Leigh Herington,6544,,D,Attorney General
Wayne,Jim Petro,21186,,R,Attorney General
Wayne,Leigh Herington,8396,,D,Attorney General
Williams,Jim Petro,7859,,R,Attorney General
Williams,Leigh Herington,2992,,D,Attorney General
Wood,Jim Petro,25820,,R,Attorney General
Wood,Leigh Herington,11063,,D,Attorney General
Wyandot,Jim Petro,4754,,R,Attorney General
Wyandot,Leigh Herington,1467,,D,Attorney General
Adams,Betty Montgomery,4518,,R,Auditor of State
Adams,Helen Smith,2232,,D,Auditor of State
Allen,Betty Montgomery,21767,,R,Auditor of State
Allen,Helen Smith,7784,,D,Auditor of State
Ashland,Betty Montgomery,10560,,R,Auditor of State
Ashland,Helen Smith,4239,,D,Auditor of State
Ashtabula,Betty Montgomery,15795,,R,Auditor of State
Ashtabula,Helen Smith,10642,,D,Auditor of State
Athens,Betty Montgomery,8017,,R,Auditor of State
Athens,Helen Smith,7749,,D,Auditor of State
Auglaize,Betty Montgomery,10026,,R,Auditor of State
Auglaize,Helen Smith,3234,,D,Auditor of State
Belmont,Helen Smith,10484,,D,Auditor of State
Belmont,Betty Montgomery,9480,,R,Auditor of State
Brown,Betty Montgomery,7645,,R,Auditor of State
Brown,Helen Smith,3598,,D,Auditor of State
Butler,Betty Montgomery,62058,,R,Auditor of State
Butler,Helen Smith,22553,,D,Auditor of State
Carroll,Betty Montgomery,5504,,R,Auditor of State
Carroll,Helen Smith,3050,,D,Auditor of State
Champaign,Betty Montgomery,7703,,R,Auditor of State
Champaign,Helen Smith,2793,,D,Auditor of State
Clark,Betty Montgomery,24826,,R,Auditor of State
Clark,Helen Smith,13183,,D,Auditor of State
Clermont,Betty Montgomery,31793,,R,Auditor of State
Clermont,Helen Smith,9956,,D,Auditor of State
Clinton,Betty Montgomery,7654,,R,Auditor of State
Clinton,Helen Smith,2526,,D,Auditor of State
Columbiana,Betty Montgomery,18219,,R,Auditor of State
Columbiana,Helen Smith,11766,,D,Auditor of State
Coshocton,Betty Montgomery,6643,,R,Auditor of State
Coshocton,Helen Smith,3513,,D,Auditor of State
Crawford,Betty Montgomery,9370,,R,Auditor of State
Crawford,Helen Smith,3639,,D,Auditor of State
Cuyahoga,Helen Smith,179172,,D,Auditor of State
Cuyahoga,Betty Montgomery,178024,,R,Auditor of State
Darke,Betty Montgomery,12628,,R,Auditor of State
Darke,Helen Smith,4453,,D,Auditor of State
Defiance,Betty Montgomery,7019,,R,Auditor of State
Defiance,Helen Smith,3507,,D,Auditor of State
Delaware,Betty Montgomery,30483,,R,Auditor of State
Delaware,Helen Smith,8183,,D,Auditor of State
Erie,Betty Montgomery,15168,,R,Auditor of State
Erie,Helen Smith,9212,,D,Auditor of State
Fairfield,Betty Montgomery,28918,,R,Auditor of State
Fairfield,Helen Smith,9521,,D,Auditor of State
Fayette,Betty Montgomery,5000,,R,Auditor of State
Fayette,Helen Smith,1483,,D,Auditor of State
Franklin,Betty Montgomery,173918,,R,Auditor of State
Franklin,Helen Smith,96312,,D,Auditor of State
Fulton,Betty Montgomery,9705,,R,Auditor of State
Fulton,Helen Smith,3017,,D,Auditor of State
Gallia,Betty Montgomery,5895,,R,Auditor of State
Gallia,Helen Smith,3064,,D,Auditor of State
Geauga,Betty Montgomery,22735,,R,Auditor of State
Geauga,Helen Smith,8197,,D,Auditor of State
Greene,Betty Montgomery,30530,,R,Auditor of State
Greene,Helen Smith,11589,,D,Auditor of State
Guernsey,Betty Montgomery,6995,,R,Auditor of State
Guernsey,Helen Smith,3682,,D,Auditor of State
Hamilton,Betty Montgomery,159504,,R,Auditor of State
Hamilton,Helen Smith,78631,,D,Auditor of State
Hancock,Betty Montgomery,15943,,R,Auditor of State
Hancock,Helen Smith,4320,,D,Auditor of State
Hardin,Betty Montgomery,5706,,R,Auditor of State
Hardin,Helen Smith,2512,,D,Auditor of State
Harrison,Betty Montgomery,3014,,R,Auditor of State
Harrison,Helen Smith,2528,,D,Auditor of State
Henry,Betty Montgomery,6913,,R,Auditor of State
Henry,Helen Smith,2063,,D,Auditor of State
Highland,Betty Montgomery,7848,,R,Auditor of State
Highland,Helen Smith,3095,,D,Auditor of State
Hocking,Betty Montgomery,4718,,R,Auditor of State
Hocking,Helen Smith,2770,,D,Auditor of State
Holmes,Betty Montgomery,4547,,R,Auditor of State
Holmes,Helen Smith,1357,,D,Auditor of State
Huron,Betty Montgomery,10168,,R,Auditor of State
Huron,Helen Smith,4572,,D,Auditor of State
Jackson,Betty Montgomery,5942,,R,Auditor of State
Jackson,Helen Smith,2821,,D,Auditor of State
Jefferson,Betty Montgomery,11325,,R,Auditor of State
Jefferson,Helen Smith,10935,,D,Auditor of State
Knox,Betty Montgomery,10325,,R,Auditor of State
Knox,Helen Smith,3626,,D,Auditor of State
Lake,Betty Montgomery,41197,,R,Auditor of State
Lake,Helen Smith,19828,,D,Auditor of State
Lawrence,Betty Montgomery,8397,,R,Auditor of State
Lawrence,Helen Smith,6452,,D,Auditor of State
Licking,Betty Montgomery,33901,,R,Auditor of State
Licking,Helen Smith,12668,,D,Auditor of State
Logan,Betty Montgomery,9596,,R,Auditor of State
Logan,Helen Smith,2912,,D,Auditor of State
Lorain,Betty Montgomery,44430,,R,Auditor of State
Lorain,Helen Smith,30861,,D,Auditor of State
Lucas,Betty Montgomery,77742,,R,Auditor of State
Lucas,Helen Smith,42734,,D,Auditor of State
Madison,Betty Montgomery,8091,,R,Auditor of State
Madison,Helen Smith,2374,,D,Auditor of State
Mahoning,Betty Montgomery,41023,,R,Auditor of State
Mahoning,Helen Smith,38102,,D,Auditor of State
Marion,Betty Montgomery,12037,,R,Auditor of State
Marion,Helen Smith,5154,,D,Auditor of State
Medina,Betty Montgomery,31944,,R,Auditor of State
Medina,Helen Smith,13320,,D,Auditor of State
Meigs,Betty Montgomery,4313,,R,Auditor of State
Meigs,Helen Smith,2264,,D,Auditor of State
Mercer,Betty Montgomery,10746,,R,Auditor of State
Mercer,Helen Smith,3561,,D,Auditor of State
Miami,Betty Montgomery,21511,,R,Auditor of State
Miami,Helen Smith,7759,,D,Auditor of State
Monroe,Helen Smith,2701,,D,Auditor of State
Monroe,Betty Montgomery,2130,,R,Auditor of State
Montgomery,Betty Montgomery,102304,,R,Auditor of State
Montgomery,Helen Smith,55131,,D,Auditor of State
Morgan,Betty Montgomery,3118,,R,Auditor of State
Morgan,Helen Smith,1403,,D,Auditor of State
Morrow,Betty Montgomery,6645,,R,Auditor of State
Morrow,Helen Smith,2778,,D,Auditor of State
Muskingum,Betty Montgomery,15848,,R,Auditor of State
Muskingum,Helen Smith,6553,,D,Auditor of State
Noble,Betty Montgomery,2641,,R,Auditor of State
Noble,Helen Smith,1553,,D,Auditor of State
Ottawa,Betty Montgomery,10150,,R,Auditor of State
Ottawa,Helen Smith,4659,,D,Auditor of State
Paulding,Betty Montgomery,3771,,R,Auditor of State
Paulding,Helen Smith,2217,,D,Auditor of State
Perry,Betty Montgomery,5573,,R,Auditor of State
Perry,Helen Smith,3360,,D,Auditor of State
Pickaway,Betty Montgomery,8642,,R,Auditor of State
Pickaway,Helen Smith,3057,,D,Auditor of State
Pike,Betty Montgomery,4040,,R,Auditor of State
Pike,Helen Smith,3598,,D,Auditor of State
Portage,Betty Montgomery,23875,,R,Auditor of State
Portage,Helen Smith,16272,,D,Auditor of State
Preble,Betty Montgomery,8258,,R,Auditor of State
Preble,Helen Smith,3043,,D,Auditor of State
Putnam,Betty Montgomery,8952,,R,Auditor of State
Putnam,Helen Smith,3070,,D,Auditor of State
Richland,Betty Montgomery,23627,,R,Auditor of State
Richland,Helen Smith,12743,,D,Auditor of State
Ross,Betty Montgomery,11789,,R,Auditor of State
Ross,Helen Smith,5815,,D,Auditor of State
Sandusky,Betty Montgomery,12814,,R,Auditor of State
Sandusky,Helen Smith,5920,,D,Auditor of State
Scioto,Betty Montgomery,12075,,R,Auditor of State
Scioto,Helen Smith,9413,,D,Auditor of State
Seneca,Betty Montgomery,11201,,R,Auditor of State
Seneca,Helen Smith,5068,,D,Auditor of State
Shelby,Betty Montgomery,10323,,R,Auditor of State
Shelby,Helen Smith,3962,,D,Auditor of State
Stark,Betty Montgomery,70858,,R,Auditor of State
Stark,Helen Smith,40579,,D,Auditor of State
Summit,Betty Montgomery,91387,,R,Auditor of State
Summit,Helen Smith,63182,,D,Auditor of State
Trumbull,Betty Montgomery,36283,,R,Auditor of State
Trumbull,Helen Smith,32380,,D,Auditor of State
Tuscarawas,Betty Montgomery,14887,,R,Auditor of State
Tuscarawas,Helen Smith,9506,,D,Auditor of State
Union,Betty Montgomery,9594,,R,Auditor of State
Union,Helen Smith,2433,,D,Auditor of State
Van Wert,Betty Montgomery,6589,,R,Auditor of State
Van Wert,Helen Smith,2336,,D,Auditor of State
Vinton,Betty Montgomery,2301,,R,Auditor of State
Vinton,Helen Smith,1389,,D,Auditor of State
Warren,Betty Montgomery,38293,,R,Auditor of State
Warren,Helen Smith,9957,,D,Auditor of State
Washington,Betty Montgomery,11194,,R,Auditor of State
Washington,Helen Smith,6492,,D,Auditor of State
Wayne,Betty Montgomery,21444,,R,Auditor of State
Wayne,Helen Smith,8245,,D,Auditor of State
Williams,Betty Montgomery,7706,,R,Auditor of State
Williams,Helen Smith,3134,,D,Auditor of State
Wood,Betty Montgomery,27529,,R,Auditor of State
Wood,Helen Smith,9943,,D,Auditor of State
Wyandot,Betty Montgomery,4704,,R,Auditor of State
Wyandot,Helen Smith,1513,,D,Auditor of State
Adams,Bob Taft,4296,,R,Governor
Adams,Timothy Hagan,2177,,D,Governor
Adams,John Eastman,302,,,Governor
Adams,Eva Braiman,0,,WI,Governor
Adams,James Whitman,0,,WI,Governor
Allen,Bob Taft,19226,,R,Governor
Allen,Timothy Hagan,8581,,D,Governor
Allen,John Eastman,1891,,,Governor
Allen,James Whitman,2,,WI,Governor
Allen,Eva Braiman,0,,WI,Governor
Ashland,Bob Taft,9894,,R,Governor
Ashland,Timothy Hagan,4607,,D,Governor
Ashland,John Eastman,529,,,Governor
Ashland,James Whitman,7,,WI,Governor
Ashland,Eva Braiman,0,,WI,Governor
Ashtabula,Bob Taft,14825,,R,Governor
Ashtabula,Timothy Hagan,11472,,D,Governor
Ashtabula,John Eastman,1097,,,Governor
Ashtabula,James Whitman,1,,WI,Governor
Ashtabula,Eva Braiman,0,,WI,Governor
Athens,Timothy Hagan,8408,,D,Governor
Athens,Bob Taft,7018,,R,Governor
Athens,John Eastman,930,,,Governor
Athens,James Whitman,1,,WI,Governor
Athens,Eva Braiman,0,,WI,Governor
Auglaize,Bob Taft,9559,,R,Governor
Auglaize,Timothy Hagan,3096,,D,Governor
Auglaize,John Eastman,836,,,Governor
Auglaize,James Whitman,3,,WI,Governor
Auglaize,Eva Braiman,0,,WI,Governor
Belmont,Bob Taft,10299,,R,Governor
Belmont,Timothy Hagan,9492,,D,Governor
Belmont,John Eastman,852,,,Governor
Belmont,Eva Braiman,0,,WI,Governor
Belmont,James Whitman,0,,WI,Governor
Brown,Bob Taft,7881,,R,Governor
Brown,Timothy Hagan,3181,,D,Governor
Brown,John Eastman,488,,,Governor
Brown,Eva Braiman,0,,WI,Governor
Brown,James Whitman,0,,WI,Governor
Butler,Bob Taft,62076,,R,Governor
Butler,Timothy Hagan,20896,,D,Governor
Butler,John Eastman,3689,,,Governor
Butler,James Whitman,2,,WI,Governor
Butler,Eva Braiman,0,,WI,Governor
Carroll,Bob Taft,5254,,R,Governor
Carroll,Timothy Hagan,3104,,D,Governor
Carroll,John Eastman,394,,,Governor
Carroll,James Whitman,1,,WI,Governor
Carroll,Eva Braiman,0,,WI,Governor
Champaign,Bob Taft,7067,,R,Governor
Champaign,Timothy Hagan,2880,,D,Governor
Champaign,John Eastman,658,,,Governor
Champaign,Eva Braiman,0,,WI,Governor
Champaign,James Whitman,0,,WI,Governor
Clark,Bob Taft,22846,,R,Governor
Clark,Timothy Hagan,12398,,D,Governor
Clark,John Eastman,2273,,,Governor
Clark,James Whitman,4,,WI,Governor
Clark,Eva Braiman,1,,WI,Governor
Clermont,Bob Taft,31723,,R,Governor
Clermont,Timothy Hagan,9073,,D,Governor
Clermont,John Eastman,1639,,,Governor
Clermont,James Whitman,5,,WI,Governor
Clermont,Eva Braiman,0,,WI,Governor
Clinton,Bob Taft,7321,,R,Governor
Clinton,Timothy Hagan,2463,,D,Governor
Clinton,John Eastman,488,,,Governor
Clinton,Eva Braiman,0,,WI,Governor
Clinton,James Whitman,0,,WI,Governor
Columbiana,Bob Taft,18245,,R,Governor
Columbiana,Timothy Hagan,11419,,D,Governor
Columbiana,John Eastman,1249,,,Governor
Columbiana,James Whitman,4,,WI,Governor
Columbiana,Eva Braiman,0,,WI,Governor
Coshocton,Bob Taft,6881,,R,Governor
Coshocton,Timothy Hagan,2948,,D,Governor
Coshocton,John Eastman,508,,,Governor
Coshocton,Eva Braiman,0,,WI,Governor
Coshocton,James Whitman,0,,WI,Governor
Crawford,Bob Taft,8676,,R,Governor
Crawford,Timothy Hagan,3859,,D,Governor
Crawford,John Eastman,619,,,Governor
Crawford,James Whitman,1,,WI,Governor
Crawford,Eva Braiman,0,,WI,Governor
Cuyahoga,Timothy Hagan,225582,,D,Governor
Cuyahoga,Bob Taft,142874,,R,Governor
Cuyahoga,John Eastman,10481,,,Governor
Cuyahoga,James Whitman,9,,WI,Governor
Cuyahoga,Eva Braiman,6,,WI,Governor
Darke,Bob Taft,12310,,R,Governor
Darke,Timothy Hagan,4216,,D,Governor
Darke,John Eastman,929,,,Governor
Darke,James Whitman,1,,WI,Governor
Darke,Eva Braiman,0,,WI,Governor
Defiance,Bob Taft,7049,,R,Governor
Defiance,Timothy Hagan,3225,,D,Governor
Defiance,John Eastman,372,,,Governor
Defiance,Eva Braiman,0,,WI,Governor
Defiance,James Whitman,0,,WI,Governor
Delaware,Bob Taft,28200,,R,Governor
Delaware,Timothy Hagan,9226,,D,Governor
Delaware,John Eastman,1771,,,Governor
Delaware,James Whitman,2,,WI,Governor
Delaware,Eva Braiman,0,,WI,Governor
Erie,Bob Taft,13656,,R,Governor
Erie,Timothy Hagan,10673,,D,Governor
Erie,John Eastman,631,,,Governor
Erie,James Whitman,4,,WI,Governor
Erie,Eva Braiman,1,,WI,Governor
Fairfield,Bob Taft,26256,,R,Governor
Fairfield,Timothy Hagan,10531,,D,Governor
Fairfield,John Eastman,2104,,,Governor
Fairfield,James Whitman,2,,WI,Governor
Fairfield,Eva Braiman,0,,WI,Governor
Fayette,Bob Taft,4385,,R,Governor
Fayette,Timothy Hagan,1807,,D,Governor
Fayette,John Eastman,324,,,Governor
Fayette,Eva Braiman,0,,WI,Governor
Fayette,James Whitman,0,,WI,Governor
Franklin,Bob Taft,156712,,R,Governor
Franklin,Timothy Hagan,108778,,D,Governor
Franklin,John Eastman,11465,,,Governor
Franklin,James Whitman,44,,WI,Governor
Franklin,Eva Braiman,3,,WI,Governor
Fulton,Bob Taft,9600,,R,Governor
Fulton,Timothy Hagan,2995,,D,Governor
Fulton,John Eastman,412,,,Governor
Fulton,James Whitman,1,,WI,Governor
Fulton,Eva Braiman,0,,WI,Governor
Gallia,Bob Taft,6057,,R,Governor
Gallia,Timothy Hagan,2759,,D,Governor
Gallia,John Eastman,426,,,Governor
Gallia,Eva Braiman,0,,WI,Governor
Gallia,James Whitman,0,,WI,Governor
Geauga,Bob Taft,19768,,R,Governor
Geauga,Timothy Hagan,11458,,D,Governor
Geauga,John Eastman,955,,,Governor
Geauga,James Whitman,9,,WI,Governor
Geauga,Eva Braiman,0,,WI,Governor
Greene,Bob Taft,28815,,R,Governor
Greene,Timothy Hagan,11780,,D,Governor
Greene,John Eastman,2265,,,Governor
Greene,James Whitman,4,,WI,Governor
Greene,Eva Braiman,0,,WI,Governor
Guernsey,Bob Taft,6348,,R,Governor
Guernsey,Timothy Hagan,4042,,D,Governor
Guernsey,John Eastman,455,,,Governor
Guernsey,Eva Braiman,1,,WI,Governor
Guernsey,James Whitman,0,,WI,Governor
Hamilton,Bob Taft,160223,,R,Governor
Hamilton,Timothy Hagan,73843,,D,Governor
Hamilton,John Eastman,9274,,,Governor
Hamilton,James Whitman,3,,WI,Governor
Hamilton,Eva Braiman,2,,WI,Governor
Hancock,Bob Taft,15757,,R,Governor
Hancock,Timothy Hagan,4151,,D,Governor
Hancock,John Eastman,681,,,Governor
Hancock,James Whitman,4,,WI,Governor
Hancock,Eva Braiman,0,,WI,Governor
Hardin,Bob Taft,5153,,R,Governor
Hardin,Timothy Hagan,2829,,D,Governor
Hardin,John Eastman,403,,,Governor
Hardin,James Whitman,2,,WI,Governor
Hardin,Eva Braiman,0,,WI,Governor
Harrison,Bob Taft,3131,,R,Governor
Harrison,Timothy Hagan,2327,,D,Governor
Harrison,John Eastman,249,,,Governor
Harrison,James Whitman,1,,WI,Governor
Harrison,Eva Braiman,0,,WI,Governor
Henry,Bob Taft,6814,,R,Governor
Henry,Timothy Hagan,2069,,D,Governor
Henry,John Eastman,273,,,Governor
Henry,Eva Braiman,0,,WI,Governor
Henry,James Whitman,0,,WI,Governor
Highland,Bob Taft,7426,,R,Governor
Highland,Timothy Hagan,2992,,D,Governor
Highland,John Eastman,522,,,Governor
Highland,Eva Braiman,0,,WI,Governor
Highland,James Whitman,0,,WI,Governor
Hocking,Bob Taft,4188,,R,Governor
Hocking,Timothy Hagan,2881,,D,Governor
Hocking,John Eastman,525,,,Governor
Hocking,James Whitman,1,,WI,Governor
Hocking,Eva Braiman,0,,WI,Governor
Holmes,Bob Taft,4552,,R,Governor
Holmes,Timothy Hagan,1429,,D,Governor
Holmes,John Eastman,211,,,Governor
Holmes,Eva Braiman,0,,WI,Governor
Holmes,James Whitman,0,,WI,Governor
Huron,Bob Taft,9993,,R,Governor
Huron,Timothy Hagan,4673,,D,Governor
Huron,John Eastman,528,,,Governor
Huron,Eva Braiman,0,,WI,Governor
Huron,James Whitman,0,,WI,Governor
Jackson,Bob Taft,5531,,R,Governor
Jackson,Timothy Hagan,2893,,D,Governor
Jackson,John Eastman,455,,,Governor
Jackson,James Whitman,1,,WI,Governor
Jackson,Eva Braiman,0,,WI,Governor
Jefferson,Bob Taft,12983,,R,Governor
Jefferson,Timothy Hagan,9206,,D,Governor
Jefferson,John Eastman,914,,,Governor
Jefferson,James Whitman,1,,WI,Governor
Jefferson,Eva Braiman,0,,WI,Governor
Knox,Bob Taft,9291,,R,Governor
Knox,Timothy Hagan,4166,,D,Governor
Knox,John Eastman,777,,,Governor
Knox,Eva Braiman,0,,WI,Governor
Knox,James Whitman,0,,WI,Governor
Lake,Bob Taft,37986,,R,Governor
Lake,Timothy Hagan,27370,,D,Governor
Lake,John Eastman,1751,,,Governor
Lake,James Whitman,5,,WI,Governor
Lake,Eva Braiman,1,,WI,Governor
Lawrence,Bob Taft,9458,,R,Governor
Lawrence,Timothy Hagan,5495,,D,Governor
Lawrence,John Eastman,533,,,Governor
Lawrence,Eva Braiman,0,,WI,Governor
Lawrence,James Whitman,0,,WI,Governor
Licking,Bob Taft,32118,,R,Governor
Licking,Timothy Hagan,12653,,D,Governor
Licking,John Eastman,2401,,,Governor
Licking,James Whitman,7,,WI,Governor
Licking,Eva Braiman,0,,WI,Governor
Logan,Bob Taft,8996,,R,Governor
Logan,Timothy Hagan,2891,,D,Governor
Logan,John Eastman,691,,,Governor
Logan,James Whitman,4,,WI,Governor
Logan,Eva Braiman,0,,WI,Governor
Lorain,Timothy Hagan,38515,,D,Governor
Lorain,Bob Taft,37423,,R,Governor
Lorain,John Eastman,2525,,,Governor
Lorain,James Whitman,2,,WI,Governor
Lorain,Eva Braiman,1,,WI,Governor
Lucas,Bob Taft,76572,,R,Governor
Lucas,Timothy Hagan,49648,,D,Governor
Lucas,John Eastman,3263,,,Governor
Lucas,James Whitman,2,,WI,Governor
Lucas,Eva Braiman,1,,WI,Governor
Madison,Bob Taft,6947,,R,Governor
Madison,Timothy Hagan,2932,,D,Governor
Madison,John Eastman,647,,,Governor
Madison,Eva Braiman,0,,WI,Governor
Madison,James Whitman,0,,WI,Governor
Mahoning,Timothy Hagan,43110,,D,Governor
Mahoning,Bob Taft,40149,,R,Governor
Mahoning,John Eastman,3617,,,Governor
Mahoning,Eva Braiman,62,,WI,Governor
Mahoning,James Whitman,62,,WI,Governor
Marion,Bob Taft,10582,,R,Governor
Marion,Timothy Hagan,5704,,D,Governor
Marion,John Eastman,1006,,,Governor
Marion,Eva Braiman,0,,WI,Governor
Marion,James Whitman,0,,WI,Governor
Medina,Bob Taft,27436,,R,Governor
Medina,Timothy Hagan,17998,,D,Governor
Medina,John Eastman,1614,,,Governor
Medina,Eva Braiman,0,,WI,Governor
Medina,James Whitman,0,,WI,Governor
Meigs,Bob Taft,4517,,R,Governor
Meigs,Timothy Hagan,1970,,D,Governor
Meigs,John Eastman,403,,,Governor
Meigs,Eva Braiman,0,,WI,Governor
Meigs,James Whitman,0,,WI,Governor
Mercer,Bob Taft,11001,,R,Governor
Mercer,Timothy Hagan,3237,,D,Governor
Mercer,John Eastman,595,,,Governor
Mercer,James Whitman,1,,WI,Governor
Mercer,Eva Braiman,0,,WI,Governor
Miami,Bob Taft,20743,,R,Governor
Miami,Timothy Hagan,7297,,D,Governor
Miami,John Eastman,1531,,,Governor
Miami,James Whitman,11,,WI,Governor
Miami,Eva Braiman,0,,WI,Governor
Monroe,Bob Taft,2482,,R,Governor
Monroe,Timothy Hagan,2421,,D,Governor
Monroe,John Eastman,182,,,Governor
Monroe,Eva Braiman,0,,WI,Governor
Monroe,James Whitman,0,,WI,Governor
Montgomery,Bob Taft,95891,,R,Governor
Montgomery,Timothy Hagan,59584,,D,Governor
Montgomery,John Eastman,5786,,,Governor
Montgomery,James Whitman,18,,WI,Governor
Montgomery,Eva Braiman,4,,WI,Governor
Morgan,Bob Taft,2975,,R,Governor
Morgan,Timothy Hagan,1378,,D,Governor
Morgan,John Eastman,281,,,Governor
Morgan,Eva Braiman,0,,WI,Governor
Morgan,James Whitman,0,,WI,Governor
Morrow,Bob Taft,6093,,R,Governor
Morrow,Timothy Hagan,2799,,D,Governor
Morrow,John Eastman,681,,,Governor
Morrow,Eva Braiman,0,,WI,Governor
Morrow,James Whitman,0,,WI,Governor
Muskingum,Bob Taft,14990,,R,Governor
Muskingum,Timothy Hagan,6279,,D,Governor
Muskingum,John Eastman,1162,,,Governor
Muskingum,James Whitman,2,,WI,Governor
Muskingum,Eva Braiman,0,,WI,Governor
Noble,Bob Taft,2438,,R,Governor
Noble,Timothy Hagan,1628,,D,Governor
Noble,John Eastman,217,,,Governor
Noble,Eva Braiman,0,,WI,Governor
Noble,James Whitman,0,,WI,Governor
Ottawa,Bob Taft,9428,,R,Governor
Ottawa,Timothy Hagan,5073,,D,Governor
Ottawa,John Eastman,469,,,Governor
Ottawa,James Whitman,1,,WI,Governor
Ottawa,Eva Braiman,0,,WI,Governor
Paulding,Bob Taft,3972,,R,Governor
Paulding,Timothy Hagan,1939,,D,Governor
Paulding,John Eastman,256,,,Governor
Paulding,Eva Braiman,0,,WI,Governor
Paulding,James Whitman,0,,WI,Governor
Perry,Bob Taft,5102,,R,Governor
Perry,Timothy Hagan,3422,,D,Governor
Perry,John Eastman,540,,,Governor
Perry,Eva Braiman,0,,WI,Governor
Perry,James Whitman,0,,WI,Governor
Pickaway,Bob Taft,7432,,R,Governor
Pickaway,Timothy Hagan,3775,,D,Governor
Pickaway,John Eastman,676,,,Governor
Pickaway,Eva Braiman,0,,WI,Governor
Pickaway,James Whitman,0,,WI,Governor
Pike,Bob Taft,4046,,R,Governor
Pike,Timothy Hagan,3377,,D,Governor
Pike,John Eastman,284,,,Governor
Pike,Eva Braiman,0,,WI,Governor
Pike,James Whitman,0,,WI,Governor
Portage,Bob Taft,19887,,R,Governor
Portage,Timothy Hagan,19708,,D,Governor
Portage,John Eastman,1933,,,Governor
Portage,James Whitman,2,,WI,Governor
Portage,Eva Braiman,0,,WI,Governor
Preble,Bob Taft,7832,,R,Governor
Preble,Timothy Hagan,3112,,D,Governor
Preble,John Eastman,700,,,Governor
Preble,James Whitman,2,,WI,Governor
Preble,Eva Braiman,0,,WI,Governor
Putnam,Bob Taft,8592,,R,Governor
Putnam,Timothy Hagan,3110,,D,Governor
Putnam,John Eastman,620,,,Governor
Putnam,James Whitman,1,,WI,Governor
Putnam,Eva Braiman,0,,WI,Governor
Richland,Bob Taft,21963,,R,Governor
Richland,Timothy Hagan,13520,,D,Governor
Richland,John Eastman,1327,,,Governor
Richland,James Whitman,1,,WI,Governor
Richland,Eva Braiman,0,,WI,Governor
Ross,Bob Taft,10871,,R,Governor
Ross,Timothy Hagan,6714,,D,Governor
Ross,John Eastman,725,,,Governor
Ross,Eva Braiman,0,,WI,Governor
Ross,James Whitman,0,,WI,Governor
Sandusky,Bob Taft,12187,,R,Governor
Sandusky,Timothy Hagan,6149,,D,Governor
Sandusky,John Eastman,696,,,Governor
Sandusky,Eva Braiman,0,,WI,Governor
Sandusky,James Whitman,0,,WI,Governor
Scioto,Bob Taft,12161,,R,Governor
Scioto,Timothy Hagan,8867,,D,Governor
Scioto,John Eastman,817,,,Governor
Scioto,Eva Braiman,0,,WI,Governor
Scioto,James Whitman,0,,WI,Governor
Seneca,Bob Taft,11101,,R,Governor
Seneca,Timothy Hagan,4780,,D,Governor
Seneca,John Eastman,735,,,Governor
Seneca,Eva Braiman,0,,WI,Governor
Seneca,James Whitman,0,,WI,Governor
Shelby,Bob Taft,10190,,R,Governor
Shelby,Timothy Hagan,3812,,D,Governor
Shelby,John Eastman,769,,,Governor
Shelby,James Whitman,18,,WI,Governor
Shelby,Eva Braiman,0,,WI,Governor
Stark,Bob Taft,64932,,R,Governor
Stark,Timothy Hagan,44840,,D,Governor
Stark,John Eastman,4709,,,Governor
Stark,James Whitman,2,,WI,Governor
Stark,Eva Braiman,0,,WI,Governor
Summit,Timothy Hagan,77928,,D,Governor
Summit,Bob Taft,75340,,R,Governor
Summit,John Eastman,5965,,,Governor
Summit,James Whitman,13,,WI,Governor
Summit,Eva Braiman,0,,WI,Governor
Trumbull,Timothy Hagan,35364,,D,Governor
Trumbull,Bob Taft,33718,,R,Governor
Trumbull,John Eastman,2612,,,Governor
Trumbull,James Whitman,1,,WI,Governor
Trumbull,Eva Braiman,0,,WI,Governor
Tuscarawas,Bob Taft,13457,,R,Governor
Tuscarawas,Timothy Hagan,10639,,D,Governor
Tuscarawas,John Eastman,993,,,Governor
Tuscarawas,James Whitman,1,,WI,Governor
Tuscarawas,Eva Braiman,0,,WI,Governor
Union,Bob Taft,8631,,R,Governor
Union,Timothy Hagan,2723,,D,Governor
Union,John Eastman,762,,,Governor
Union,James Whitman,2,,WI,Governor
Union,Eva Braiman,0,,WI,Governor
Van Wert,Bob Taft,6561,,R,Governor
Van Wert,Timothy Hagan,2085,,D,Governor
Van Wert,John Eastman,400,,,Governor
Van Wert,James Whitman,1,,WI,Governor
Van Wert,Eva Braiman,0,,WI,Governor
Vinton,Bob Taft,2135,,R,Governor
Vinton,Timothy Hagan,1448,,D,Governor
Vinton,John Eastman,210,,,Governor
Vinton,Eva Braiman,0,,WI,Governor
Vinton,James Whitman,0,,WI,Governor
Warren,Bob Taft,37388,,R,Governor
Warren,Timothy Hagan,9833,,D,Governor
Warren,John Eastman,1945,,,Governor
Warren,James Whitman,2,,WI,Governor
Warren,Eva Braiman,0,,WI,Governor
Washington,Bob Taft,11499,,R,Governor
Washington,Timothy Hagan,6045,,D,Governor
Washington,John Eastman,728,,,Governor
Washington,James Whitman,2,,WI,Governor
Washington,Eva Braiman,0,,WI,Governor
Wayne,Bob Taft,20340,,R,Governor
Wayne,Timothy Hagan,9061,,D,Governor
Wayne,John Eastman,1113,,,Governor
Wayne,Eva Braiman,0,,WI,Governor
Wayne,James Whitman,0,,WI,Governor
Williams,Bob Taft,7731,,R,Governor
Williams,Timothy Hagan,2967,,D,Governor
Williams,John Eastman,492,,,Governor
Williams,James Whitman,2,,WI,Governor
Williams,Eva Braiman,0,,WI,Governor
Wood,Bob Taft,25172,,R,Governor
Wood,Timothy Hagan,11521,,D,Governor
Wood,John Eastman,1189,,,Governor
Wood,James Whitman,4,,WI,Governor
Wood,Eva Braiman,1,,WI,Governor
Wyandot,Bob Taft,4383,,R,Governor
Wyandot,Timothy Hagan,1618,,D,Governor
Wyandot,John Eastman,291,,,Governor
Wyandot,James Whitman,2,,WI,Governor
Wyandot,Eva Braiman,0,,WI,Governor
Adams,J. Kenneth Blackwell,4337,,R,Secretary of State
Adams,Bryan Flannery,2353,,D,Secretary of State
Allen,J. Kenneth Blackwell,20099,,R,Secretary of State
Allen,Bryan Flannery,8940,,D,Secretary of State
Ashland,J. Kenneth Blackwell,9874,,R,Secretary of State
Ashland,Bryan Flannery,4614,,D,Secretary of State
Ashtabula,J. Kenneth Blackwell,14117,,R,Secretary of State
Ashtabula,Bryan Flannery,12089,,D,Secretary of State
Athens,Bryan Flannery,8360,,D,Secretary of State
Athens,J. Kenneth Blackwell,7204,,R,Secretary of State
Auglaize,J. Kenneth Blackwell,9249,,R,Secretary of State
Auglaize,Bryan Flannery,3749,,D,Secretary of State
Belmont,Bryan Flannery,11695,,D,Secretary of State
Belmont,J. Kenneth Blackwell,8107,,R,Secretary of State
Brown,J. Kenneth Blackwell,7291,,R,Secretary of State
Brown,Bryan Flannery,3998,,D,Secretary of State
Butler,J. Kenneth Blackwell,59962,,R,Secretary of State
Butler,Bryan Flannery,25184,,D,Secretary of State
Carroll,J. Kenneth Blackwell,4967,,R,Secretary of State
Carroll,Bryan Flannery,3454,,D,Secretary of State
Champaign,J. Kenneth Blackwell,7010,,R,Secretary of State
Champaign,Bryan Flannery,3290,,D,Secretary of State
Clark,J. Kenneth Blackwell,22496,,R,Secretary of State
Clark,Bryan Flannery,15070,,D,Secretary of State
Clermont,J. Kenneth Blackwell,30990,,R,Secretary of State
Clermont,Bryan Flannery,11340,,D,Secretary of State
Clinton,J. Kenneth Blackwell,7381,,R,Secretary of State
Clinton,Bryan Flannery,2749,,D,Secretary of State
Columbiana,J. Kenneth Blackwell,16873,,R,Secretary of State
Columbiana,Bryan Flannery,12757,,D,Secretary of State
Coshocton,J. Kenneth Blackwell,6251,,R,Secretary of State
Coshocton,Bryan Flannery,3673,,D,Secretary of State
Crawford,J. Kenneth Blackwell,8585,,R,Secretary of State
Crawford,Bryan Flannery,4257,,D,Secretary of State
Cuyahoga,Bryan Flannery,200085,,D,Secretary of State
Cuyahoga,J. Kenneth Blackwell,152761,,R,Secretary of State
Darke,J. Kenneth Blackwell,11671,,R,Secretary of State
Darke,Bryan Flannery,5094,,D,Secretary of State
Defiance,J. Kenneth Blackwell,6379,,R,Secretary of State
Defiance,Bryan Flannery,4185,,D,Secretary of State
Delaware,J. Kenneth Blackwell,28506,,R,Secretary of State
Delaware,Bryan Flannery,9492,,D,Secretary of State
Erie,J. Kenneth Blackwell,12566,,R,Secretary of State
Erie,Bryan Flannery,11264,,D,Secretary of State
Fairfield,J. Kenneth Blackwell,26369,,R,Secretary of State
Fairfield,Bryan Flannery,11251,,D,Secretary of State
Fayette,J. Kenneth Blackwell,4588,,R,Secretary of State
Fayette,Bryan Flannery,1774,,D,Secretary of State
Franklin,J. Kenneth Blackwell,161968,,R,Secretary of State
Franklin,Bryan Flannery,103438,,D,Secretary of State
Fulton,J. Kenneth Blackwell,8654,,R,Secretary of State
Fulton,Bryan Flannery,3816,,D,Secretary of State
Gallia,J. Kenneth Blackwell,5572,,R,Secretary of State
Gallia,Bryan Flannery,3265,,D,Secretary of State
Geauga,J. Kenneth Blackwell,19847,,R,Secretary of State
Geauga,Bryan Flannery,10154,,D,Secretary of State
Greene,J. Kenneth Blackwell,29028,,R,Secretary of State
Greene,Bryan Flannery,12690,,D,Secretary of State
Guernsey,J. Kenneth Blackwell,6196,,R,Secretary of State
Guernsey,Bryan Flannery,4198,,D,Secretary of State
Hamilton,J. Kenneth Blackwell,165762,,R,Secretary of State
Hamilton,Bryan Flannery,77504,,D,Secretary of State
Hancock,J. Kenneth Blackwell,15053,,R,Secretary of State
Hancock,Bryan Flannery,4799,,D,Secretary of State
Hardin,J. Kenneth Blackwell,5147,,R,Secretary of State
Hardin,Bryan Flannery,2923,,D,Secretary of State
Harrison,Bryan Flannery,2887,,D,Secretary of State
Harrison,J. Kenneth Blackwell,2617,,R,Secretary of State
Henry,J. Kenneth Blackwell,6225,,R,Secretary of State
Henry,Bryan Flannery,2621,,D,Secretary of State
Highland,J. Kenneth Blackwell,7309,,R,Secretary of State
Highland,Bryan Flannery,3505,,D,Secretary of State
Hocking,J. Kenneth Blackwell,4150,,R,Secretary of State
Hocking,Bryan Flannery,3215,,D,Secretary of State
Holmes,J. Kenneth Blackwell,4407,,R,Secretary of State
Holmes,Bryan Flannery,1425,,D,Secretary of State
Huron,J. Kenneth Blackwell,9263,,R,Secretary of State
Huron,Bryan Flannery,5203,,D,Secretary of State
Jackson,J. Kenneth Blackwell,5308,,R,Secretary of State
Jackson,Bryan Flannery,3191,,D,Secretary of State
Jefferson,Bryan Flannery,12655,,D,Secretary of State
Jefferson,J. Kenneth Blackwell,9474,,R,Secretary of State
Knox,J. Kenneth Blackwell,9547,,R,Secretary of State
Knox,Bryan Flannery,4019,,D,Secretary of State
Lake,J. Kenneth Blackwell,35056,,R,Secretary of State
Lake,Bryan Flannery,24391,,D,Secretary of State
Lawrence,J. Kenneth Blackwell,8354,,R,Secretary of State
Lawrence,Bryan Flannery,6547,,D,Secretary of State
Licking,J. Kenneth Blackwell,30942,,R,Secretary of State
Licking,Bryan Flannery,14630,,D,Secretary of State
Logan,J. Kenneth Blackwell,8838,,R,Secretary of State
Logan,Bryan Flannery,3362,,D,Secretary of State
Lorain,J. Kenneth Blackwell,37111,,R,Secretary of State
Lorain,Bryan Flannery,36772,,D,Secretary of State
Lucas,J. Kenneth Blackwell,60404,,R,Secretary of State
Lucas,Bryan Flannery,54632,,D,Secretary of State
Madison,J. Kenneth Blackwell,7226,,R,Secretary of State
Madison,Bryan Flannery,2937,,D,Secretary of State
Mahoning,Bryan Flannery,41992,,D,Secretary of State
Mahoning,J. Kenneth Blackwell,38232,,R,Secretary of State
Marion,J. Kenneth Blackwell,10869,,R,Secretary of State
Marion,Bryan Flannery,6118,,D,Secretary of State
Medina,J. Kenneth Blackwell,27845,,R,Secretary of State
Medina,Bryan Flannery,16395,,D,Secretary of State
Meigs,J. Kenneth Blackwell,4094,,R,Secretary of State
Meigs,Bryan Flannery,2387,,D,Secretary of State
Mercer,J. Kenneth Blackwell,9559,,R,Secretary of State
Mercer,Bryan Flannery,4394,,D,Secretary of State
Miami,J. Kenneth Blackwell,20163,,R,Secretary of State
Miami,Bryan Flannery,8700,,D,Secretary of State
Monroe,Bryan Flannery,2952,,D,Secretary of State
Monroe,J. Kenneth Blackwell,1826,,R,Secretary of State
Montgomery,J. Kenneth Blackwell,95037,,R,Secretary of State
Montgomery,Bryan Flannery,60451,,D,Secretary of State
Morgan,J. Kenneth Blackwell,2935,,R,Secretary of State
Morgan,Bryan Flannery,1477,,D,Secretary of State
Morrow,J. Kenneth Blackwell,6245,,R,Secretary of State
Morrow,Bryan Flannery,3062,,D,Secretary of State
Muskingum,J. Kenneth Blackwell,14297,,R,Secretary of State
Muskingum,Bryan Flannery,7375,,D,Secretary of State
Noble,J. Kenneth Blackwell,2419,,R,Secretary of State
Noble,Bryan Flannery,1667,,D,Secretary of State
Ottawa,J. Kenneth Blackwell,8284,,R,Secretary of State
Ottawa,Bryan Flannery,6070,,D,Secretary of State
Paulding,J. Kenneth Blackwell,3485,,R,Secretary of State
Paulding,Bryan Flannery,2525,,D,Secretary of State
Perry,J. Kenneth Blackwell,5005,,R,Secretary of State
Perry,Bryan Flannery,3755,,D,Secretary of State
Pickaway,J. Kenneth Blackwell,7552,,R,Secretary of State
Pickaway,Bryan Flannery,3629,,D,Secretary of State
Pike,Bryan Flannery,3908,,D,Secretary of State
Pike,J. Kenneth Blackwell,3603,,R,Secretary of State
Portage,J. Kenneth Blackwell,20719,,R,Secretary of State
Portage,Bryan Flannery,18835,,D,Secretary of State
Preble,J. Kenneth Blackwell,7586,,R,Secretary of State
Preble,Bryan Flannery,3588,,D,Secretary of State
Putnam,J. Kenneth Blackwell,8112,,R,Secretary of State
Putnam,Bryan Flannery,3621,,D,Secretary of State
Richland,J. Kenneth Blackwell,21962,,R,Secretary of State
Richland,Bryan Flannery,14010,,D,Secretary of State
Ross,J. Kenneth Blackwell,10217,,R,Secretary of State
Ross,Bryan Flannery,6858,,D,Secretary of State
Sandusky,J. Kenneth Blackwell,11320,,R,Secretary of State
Sandusky,Bryan Flannery,6941,,D,Secretary of State
Scioto,J. Kenneth Blackwell,10964,,R,Secretary of State
Scioto,Bryan Flannery,10358,,D,Secretary of State
Seneca,J. Kenneth Blackwell,10436,,R,Secretary of State
Seneca,Bryan Flannery,5578,,D,Secretary of State
Shelby,J. Kenneth Blackwell,9240,,R,Secretary of State
Shelby,Bryan Flannery,4697,,D,Secretary of State
Stark,J. Kenneth Blackwell,61743,,R,Secretary of State
Stark,Bryan Flannery,47613,,D,Secretary of State
Summit,J. Kenneth Blackwell,79863,,R,Secretary of State
Summit,Bryan Flannery,71550,,D,Secretary of State
Trumbull,Bryan Flannery,36185,,D,Secretary of State
Trumbull,J. Kenneth Blackwell,31787,,R,Secretary of State
Tuscarawas,J. Kenneth Blackwell,13523,,R,Secretary of State
Tuscarawas,Bryan Flannery,10492,,D,Secretary of State
Union,J. Kenneth Blackwell,8941,,R,Secretary of State
Union,Bryan Flannery,2929,,D,Secretary of State
Van Wert,J. Kenneth Blackwell,6207,,R,Secretary of State
Van Wert,Bryan Flannery,2560,,D,Secretary of State
Vinton,J. Kenneth Blackwell,1996,,R,Secretary of State
Vinton,Bryan Flannery,1574,,D,Secretary of State
Warren,J. Kenneth Blackwell,36254,,R,Secretary of State
Warren,Bryan Flannery,12020,,D,Secretary of State
Washington,J. Kenneth Blackwell,10315,,R,Secretary of State
Washington,Bryan Flannery,6914,,D,Secretary of State
Wayne,J. Kenneth Blackwell,20127,,R,Secretary of State
Wayne,Bryan Flannery,9069,,D,Secretary of State
Williams,J. Kenneth Blackwell,7242,,R,Secretary of State
Williams,Bryan Flannery,3521,,D,Secretary of State
Wood,J. Kenneth Blackwell,22555,,R,Secretary of State
Wood,Bryan Flannery,13406,,D,Secretary of State
Wyandot,J. Kenneth Blackwell,4345,,R,Secretary of State
Wyandot,Bryan Flannery,1756,,D,Secretary of State
Adams,Tom Niehaus,3029,88.0,R,State Representative
Adams,Harold Sayre,1599,89.0,R,State Representative
Adams,Todd Book,1028,89.0,D,State Representative
Ashland,Bob Gibbs,6375,97.0,R,State Representative
Ashland,Thomas Mason,4728,97.0,D,State Representative
Ashland,Thom Collier,2405,90.0,R,State Representative
Ashland,Howard Hoffman,1213,90.0,D,State Representative
Ashtabula,L. George Distel,17918,99.0,D,State Representative
Ashtabula,Robert Rennie,8909,99.0,R,State Representative
Ashtabula,Donald Rogers,1,99.0,WI,State Representative
Athens,James Pancake,8182,92.0,D,State Representative
Athens,Jimmy Stewart,8060,92.0,R,State Representative
Auglaize,Derrick Seaver,5818,78.0,D,State Representative
Auglaize,John Adams,3500,78.0,R,State Representative
Auglaize,Mike Gilb,2963,76.0,R,State Representative
Auglaize,Kenneth Ludwig,1218,76.0,D,State Representative
Belmont,John Domenick,8109,95.0,D,State Representative
Belmont,Charlie Wilson,6309,96.0,D,State Representative
Belmont,Frank Sentich Jr.,3960,95.0,R,State Representative
Belmont,Greg Erb,2522,96.0,R,State Representative
Brown,Tom Niehaus,9004,88.0,R,State Representative
Carroll,John Boccieri,4827,61.0,D,State Representative
Carroll,Randy Pope,3880,61.0,R,State Representative
Champaign,Derrick Seaver,5375,78.0,D,State Representative
Champaign,John Adams,5250,78.0,R,State Representative
Clark,Chris Widener,6845,84.0,R,State Representative
Clark,Natalie Tackett,5286,84.0,D,State Representative
Clermont,Jean Schmidt,23606,66.0,R,State Representative
Clermont,Tom Niehaus,10697,88.0,R,State Representative
Clinton,David Daniels,6983,86.0,R,State Representative
Clinton,Bill Horne,2645,86.0,,State Representative
Coshocton,Jim Aslanides,8450,94.0,R,State Representative
Crawford,Steve Reinhard,9409,82.0,R,State Representative
Crawford,Steven Chaffin,3732,82.0,D,State Representative
Cuyahoga,Timothy Grendell,4056,98.0,R,State Representative
Cuyahoga,Meg Cacciacarro,2876,98.0,D,State Representative
Darke,Keith Faber,9145,77.0,R,State Representative
Darke,Diana Fessler,3847,79.0,R,State Representative
Darke,Benjamin Amstutz,2829,77.0,D,State Representative
Darke,Carol McKeever,1488,79.0,D,State Representative
Defiance,Stephen Buehrer,8002,74.0,R,State Representative
Defiance,James Hoops,297,75.0,R,State Representative
Erie,Chris Redfern,13760,80.0,D,State Representative
Erie,J. Tom Lendrum,11025,80.0,R,State Representative
Fayette,John Schlichter,4640,85.0,R,State Representative
Fayette,Joseph Sulzer,1934,85.0,D,State Representative
Fulton,Stephen Buehrer,10492,74.0,R,State Representative
Gallia,Clyde Evans,5121,87.0,R,State Representative
Gallia,Fred Deel,4400,87.0,D,State Representative
Geauga,Timothy Grendell,22307,98.0,R,State Representative
Geauga,Meg Cacciacarro,8596,98.0,D,State Representative
Greene,Chris Widener,7784,84.0,R,State Representative
Greene,Natalie Tackett,4479,84.0,D,State Representative
Guernsey,Nancy Hollister,6259,93.0,R,State Representative
Guernsey,William Moore,4340,93.0,D,State Representative
Hamilton,Tom Brinkman Jr.,23748,34.0,R,State Representative
Hamilton,Tyrone Yates,18532,33.0,D,State Representative
Hamilton,Michelle Schneider,17996,35.0,R,State Representative
Hamilton,Dave Schaff,13896,34.0,D,State Representative
Hamilton,Sandra Hall,9118,33.0,R,State Representative
Hancock,Mike Gilb,14944,76.0,R,State Representative
Hancock,Kenneth Ludwig,5244,76.0,D,State Representative
Hardin,Mike Gilb,4534,76.0,R,State Representative
Hardin,Kenneth Ludwig,3662,76.0,D,State Representative
Harrison,Charlie Wilson,3643,96.0,D,State Representative
Harrison,Greg Erb,2036,96.0,R,State Representative
Henry,James Hoops,8056,75.0,R,State Representative
Highland,David Daniels,7202,86.0,R,State Representative
Highland,Bill Horne,3586,86.0,,State Representative
Hocking,Larry Householder,4713,91.0,R,State Representative
Hocking,Brad Gothard,2765,91.0,D,State Representative
Holmes,Bob Gibbs,4697,97.0,R,State Representative
Holmes,Thomas Mason,1468,97.0,D,State Representative
Huron,Kathleen Walcher,9201,58.0,R,State Representative
Huron,Kenneth Bailey,5992,58.0,D,State Representative
Jackson,Clyde Evans,5088,87.0,R,State Representative
Jackson,Fred Deel,3850,87.0,D,State Representative
Jefferson,John Domenick,13245,95.0,D,State Representative
Jefferson,Frank Sentich Jr.,10212,95.0,R,State Representative
Knox,Thom Collier,10037,90.0,R,State Representative
Knox,Howard Hoffman,3690,90.0,D,State Representative
Lawrence,Clyde Evans,4412,87.0,R,State Representative
Lawrence,Todd Book,4157,89.0,D,State Representative
Lawrence,Harold Sayre,3790,89.0,R,State Representative
Lawrence,Fred Deel,3017,87.0,D,State Representative
Licking,Larry Householder,7949,91.0,R,State Representative
Licking,Brad Gothard,3150,91.0,D,State Representative
Logan,Anthony Core,9154,83.0,R,State Representative
Logan,Stacy Roberts,3425,83.0,D,State Representative
Lorain,Kathleen Walcher,7469,58.0,R,State Representative
Lorain,Kenneth Bailey,6157,58.0,D,State Representative
Madison,Chris Widener,7101,84.0,R,State Representative
Madison,Natalie Tackett,3209,84.0,D,State Representative
Mahoning,John Boccieri,6242,61.0,D,State Representative
Mahoning,Randy Pope,3620,61.0,R,State Representative
Marion,Steve Reinhard,5836,82.0,R,State Representative
Marion,Steven Chaffin,4395,82.0,D,State Representative
Marion,Anthony Core,4373,83.0,R,State Representative
Marion,Stacy Roberts,2561,83.0,D,State Representative
Medina,Bob Gibbs,7110,97.0,R,State Representative
Medina,Thomas Mason,4743,97.0,D,State Representative
Meigs,Jimmy Stewart,4750,92.0,R,State Representative
Meigs,James Pancake,2259,92.0,D,State Representative
Mercer,Keith Faber,11742,77.0,R,State Representative
Mercer,Benjamin Amstutz,3172,77.0,D,State Representative
Miami,Diana Fessler,19946,79.0,R,State Representative
Miami,Carol McKeever,9317,79.0,D,State Representative
Monroe,William Moore,3075,93.0,D,State Representative
Monroe,Nancy Hollister,2054,93.0,R,State Representative
Morgan,Jimmy Stewart,2958,92.0,R,State Representative
Morgan,James Pancake,1739,92.0,D,State Representative
Morrow,Thom Collier,5432,90.0,R,State Representative
Morrow,Howard Hoffman,3456,90.0,D,State Representative
Muskingum,Jim Aslanides,15506,94.0,R,State Representative
Muskingum,Nancy Hollister,902,93.0,R,State Representative
Muskingum,William Moore,362,93.0,D,State Representative
Noble,Nancy Hollister,2611,93.0,R,State Representative
Noble,William Moore,1641,93.0,D,State Representative
Ottawa,Chris Redfern,6875,80.0,D,State Representative
Ottawa,J. Tom Lendrum,4837,80.0,R,State Representative
Ottawa,Jeff Wagner,1764,81.0,R,State Representative
Ottawa,James Melle,1394,81.0,D,State Representative
Paulding,James Hoops,4530,75.0,R,State Representative
Perry,Larry Householder,5671,91.0,R,State Representative
Perry,Brad Gothard,3482,91.0,D,State Representative
Pickaway,Larry Householder,4147,91.0,R,State Representative
Pickaway,John Schlichter,3322,85.0,R,State Representative
Pickaway,Joseph Sulzer,2124,85.0,D,State Representative
Pickaway,Brad Gothard,1842,91.0,D,State Representative
Pike,David Daniels,3594,86.0,R,State Representative
Pike,Bill Horne,3402,86.0,,State Representative
Portage,Mary Taylor,5735,43.0,R,State Representative
Portage,Michael Grimm,4738,43.0,D,State Representative
Preble,Keith Faber,7466,77.0,R,State Representative
Preble,Benjamin Amstutz,3482,77.0,D,State Representative
Putnam,James Hoops,10192,75.0,R,State Representative
Richland,Thom Collier,3617,90.0,R,State Representative
Richland,Howard Hoffman,2275,90.0,D,State Representative
Ross,Joseph Sulzer,8672,85.0,D,State Representative
Ross,John Schlichter,7032,85.0,R,State Representative
Ross,Clyde Evans,1375,87.0,R,State Representative
Ross,Fred Deel,1273,87.0,D,State Representative
Sandusky,Jeff Wagner,10071,81.0,R,State Representative
Sandusky,James Melle,8748,81.0,D,State Representative
Scioto,Todd Book,14152,89.0,D,State Representative
Scioto,Harold Sayre,8167,89.0,R,State Representative
Seneca,Jeff Wagner,7521,81.0,R,State Representative
Seneca,James Melle,6301,81.0,D,State Representative
Seneca,Kathleen Walcher,1695,58.0,R,State Representative
Seneca,Kenneth Bailey,1129,58.0,D,State Representative
Shelby,Derrick Seaver,9241,78.0,D,State Representative
Shelby,John Adams,5880,78.0,R,State Representative
Stark,John Boccieri,6039,61.0,D,State Representative
Stark,Randy Pope,4270,61.0,R,State Representative
Summit,Mary Taylor,15278,43.0,R,State Representative
Summit,Michael Grimm,13442,43.0,D,State Representative
Trumbull,L. George Distel,841,99.0,D,State Representative
Trumbull,Robert Rennie,836,99.0,R,State Representative
Trumbull,Donald Rogers,11,99.0,WI,State Representative
Tuscarawas,Charlie Wilson,11888,96.0,D,State Representative
Tuscarawas,Greg Erb,8839,96.0,R,State Representative
Tuscarawas,John Boccieri,2996,61.0,D,State Representative
Tuscarawas,Randy Pope,1183,61.0,R,State Representative
Union,Anthony Core,8429,83.0,R,State Representative
Union,Stacy Roberts,3345,83.0,D,State Representative
Van Wert,James Hoops,7578,75.0,R,State Representative
Vinton,Clyde Evans,2000,87.0,R,State Representative
Vinton,Fred Deel,1776,87.0,D,State Representative
Warren,Michelle Schneider,13834,35.0,R,State Representative
Washington,Nancy Hollister,8362,93.0,R,State Representative
Washington,William Moore,4719,93.0,D,State Representative
Washington,Jimmy Stewart,3655,92.0,R,State Representative
Washington,James Pancake,1835,92.0,D,State Representative
Williams,Stephen Buehrer,8985,74.0,R,State Representative
Wyandot,Steve Reinhard,4460,82.0,R,State Representative
Wyandot,Steven Chaffin,1724,82.0,D,State Representative
Ashland,Bill Harris,2550,19.0,R,State Senate
Ashland,Jack Campbell,1233,19.0,D,State Senate
Auglaize,Lynn Wachtmann,2916,1.0,R,State Senate
Auglaize,William Flanary,1280,1.0,D,State Senate
Carroll,Robert Hagan,4308,33.0,D,State Senate
Carroll,Holly Hanni,4063,33.0,R,State Senate
Clinton,John Carey Jr.,6861,17.0,R,State Senate
Clinton,Michael Shoemaker,3350,17.0,D,State Senate
Darke,Mike Osgood,3975,5.0,R,State Senate
Darke,Tom Roberts,1466,5.0,D,State Senate
Defiance,Lynn Wachtmann,6297,1.0,R,State Senate
Defiance,William Flanary,4417,1.0,D,State Senate
Delaware,Bill Harris,26427,19.0,R,State Senate
Delaware,Jack Campbell,10586,19.0,D,State Senate
Fairfield,Jay Hottinger,30411,31.0,R,State Senate
Fayette,John Carey Jr.,4026,17.0,R,State Senate
Fayette,Michael Shoemaker,2520,17.0,D,State Senate
Fulton,Lynn Wachtmann,8524,1.0,R,State Senate
Fulton,William Flanary,4083,1.0,D,State Senate
Gallia,John Carey Jr.,6170,17.0,R,State Senate
Gallia,Michael Shoemaker,3372,17.0,D,State Senate
Hamilton,Robert Schuler,40528,7.0,R,State Senate
Hamilton,Tony Fischer,17907,7.0,D,State Senate
Hancock,Lynn Wachtmann,14409,1.0,R,State Senate
Hancock,William Flanary,5407,1.0,D,State Senate
Hardin,Lynn Wachtmann,5002,1.0,R,State Senate
Hardin,William Flanary,3045,1.0,D,State Senate
Henry,Lynn Wachtmann,6203,1.0,R,State Senate
Henry,William Flanary,2913,1.0,D,State Senate
Highland,John Carey Jr.,6360,17.0,R,State Senate
Highland,Michael Shoemaker,4638,17.0,D,State Senate
Hocking,Jay Hottinger,5031,31.0,R,State Senate
Huron,Jeffry Armbruster,9121,13.0,R,State Senate
Huron,Sue Morano,5773,13.0,D,State Senate
Jackson,John Carey Jr.,6350,17.0,R,State Senate
Jackson,Michael Shoemaker,2929,17.0,D,State Senate
Knox,Bill Harris,9777,19.0,R,State Senate
Knox,Jack Campbell,3897,19.0,D,State Senate
Lawrence,John Carey Jr.,4851,17.0,R,State Senate
Lawrence,Michael Shoemaker,2788,17.0,D,State Senate
Licking,Jay Hottinger,37923,31.0,R,State Senate
Lorain,Sue Morano,40610,13.0,D,State Senate
Lorain,Jeffry Armbruster,36978,13.0,R,State Senate
Mahoning,Robert Hagan,58702,33.0,D,State Senate
Mahoning,Holly Hanni,23910,33.0,R,State Senate
Miami,Mike Osgood,19935,5.0,R,State Senate
Miami,Tom Roberts,9257,5.0,D,State Senate
Montgomery,Tom Roberts,34689,5.0,D,State Senate
Montgomery,Mike Osgood,17249,5.0,R,State Senate
Morrow,Bill Harris,5827,19.0,R,State Senate
Morrow,Jack Campbell,3325,19.0,D,State Senate
Paulding,Lynn Wachtmann,3666,1.0,R,State Senate
Paulding,William Flanary,2538,1.0,D,State Senate
Perry,Jay Hottinger,6341,31.0,R,State Senate
Pickaway,Jay Hottinger,4068,31.0,R,State Senate
Pickaway,John Carey Jr.,2857,17.0,R,State Senate
Pickaway,Michael Shoemaker,2658,17.0,D,State Senate
Pike,Michael Shoemaker,5107,17.0,D,State Senate
Pike,John Carey Jr.,2777,17.0,R,State Senate
Putnam,Lynn Wachtmann,9228,1.0,R,State Senate
Putnam,William Flanary,3256,1.0,D,State Senate
Richland,Bill Harris,23334,19.0,R,State Senate
Richland,Jack Campbell,13535,19.0,D,State Senate
Ross,Michael Shoemaker,12422,17.0,D,State Senate
Ross,John Carey Jr.,6217,17.0,R,State Senate
Seneca,Jeffry Armbruster,1758,13.0,R,State Senate
Seneca,Sue Morano,1102,13.0,D,State Senate
Stark,Robert Hagan,5755,33.0,D,State Senate
Stark,Holly Hanni,4277,33.0,R,State Senate
Tuscarawas,Robert Hagan,2704,33.0,D,State Senate
Tuscarawas,Holly Hanni,1321,33.0,R,State Senate
Van Wert,Lynn Wachtmann,6673,1.0,R,State Senate
Van Wert,William Flanary,2424,1.0,D,State Senate
Vinton,John Carey Jr.,2124,17.0,R,State Senate
Vinton,Michael Shoemaker,1817,17.0,D,State Senate
Warren,Robert Schuler,34787,7.0,R,State Senate
Warren,Tony Fischer,12325,7.0,D,State Senate
Williams,Lynn Wachtmann,7228,1.0,R,State Senate
Williams,William Flanary,3740,1.0,D,State Senate
Adams,Joseph Deters,4295,,R,Treasurer of State
Adams,Mary Boyle,2494,,D,Treasurer of State
Adams,Robert Martin,0,,WI,Treasurer of State
Allen,Joseph Deters,19716,,R,Treasurer of State
Allen,Mary Boyle,9481,,D,Treasurer of State
Allen,Robert Martin,0,,WI,Treasurer of State
Ashland,Joseph Deters,9326,,R,Treasurer of State
Ashland,Mary Boyle,5247,,D,Treasurer of State
Ashland,Robert Martin,0,,WI,Treasurer of State
Ashtabula,Mary Boyle,14407,,D,Treasurer of State
Ashtabula,Joseph Deters,12143,,R,Treasurer of State
Ashtabula,Robert Martin,0,,WI,Treasurer of State
Athens,Mary Boyle,9638,,D,Treasurer of State
Athens,Joseph Deters,6042,,R,Treasurer of State
Athens,Robert Martin,0,,WI,Treasurer of State
Auglaize,Joseph Deters,8903,,R,Treasurer of State
Auglaize,Mary Boyle,4291,,D,Treasurer of State
Auglaize,Robert Martin,0,,WI,Treasurer of State
Belmont,Mary Boyle,12779,,D,Treasurer of State
Belmont,Joseph Deters,7346,,R,Treasurer of State
Belmont,Robert Martin,0,,WI,Treasurer of State
Brown,Joseph Deters,7318,,R,Treasurer of State
Brown,Mary Boyle,4045,,D,Treasurer of State
Brown,Robert Martin,0,,WI,Treasurer of State
Butler,Joseph Deters,60170,,R,Treasurer of State
Butler,Mary Boyle,25749,,D,Treasurer of State
Butler,Robert Martin,0,,WI,Treasurer of State
Carroll,Joseph Deters,4582,,R,Treasurer of State
Carroll,Mary Boyle,3932,,D,Treasurer of State
Carroll,Robert Martin,0,,WI,Treasurer of State
Champaign,Joseph Deters,6693,,R,Treasurer of State
Champaign,Mary Boyle,3754,,D,Treasurer of State
Champaign,Robert Martin,0,,WI,Treasurer of State
Clark,Joseph Deters,21435,,R,Treasurer of State
Clark,Mary Boyle,16470,,D,Treasurer of State
Clark,Robert Martin,1,,WI,Treasurer of State
Clermont,Joseph Deters,31668,,R,Treasurer of State
Clermont,Mary Boyle,11351,,D,Treasurer of State
Clermont,Robert Martin,0,,WI,Treasurer of State
Clinton,Joseph Deters,7165,,R,Treasurer of State
Clinton,Mary Boyle,3067,,D,Treasurer of State
Clinton,Robert Martin,0,,WI,Treasurer of State
Columbiana,Joseph Deters,15365,,R,Treasurer of State
Columbiana,Mary Boyle,14564,,D,Treasurer of State
Columbiana,Robert Martin,0,,WI,Treasurer of State
Coshocton,Joseph Deters,5607,,R,Treasurer of State
Coshocton,Mary Boyle,4286,,D,Treasurer of State
Coshocton,Robert Martin,0,,WI,Treasurer of State
Crawford,Joseph Deters,7592,,R,Treasurer of State
Crawford,Mary Boyle,5365,,D,Treasurer of State
Crawford,Robert Martin,0,,WI,Treasurer of State
Cuyahoga,Mary Boyle,233262,,D,Treasurer of State
Cuyahoga,Joseph Deters,129082,,R,Treasurer of State
Cuyahoga,Robert Martin,6,,WI,Treasurer of State
Darke,Joseph Deters,11140,,R,Treasurer of State
Darke,Mary Boyle,5807,,D,Treasurer of State
Darke,Robert Martin,0,,WI,Treasurer of State
Defiance,Joseph Deters,6100,,R,Treasurer of State
Defiance,Mary Boyle,4337,,D,Treasurer of State
Defiance,Robert Martin,0,,WI,Treasurer of State
Delaware,Joseph Deters,27019,,R,Treasurer of State
Delaware,Mary Boyle,11251,,D,Treasurer of State
Delaware,Robert Martin,0,,WI,Treasurer of State
Erie,Mary Boyle,12745,,D,Treasurer of State
Erie,Joseph Deters,11359,,R,Treasurer of State
Erie,Robert Martin,1,,WI,Treasurer of State
Fairfield,Joseph Deters,24393,,R,Treasurer of State
Fairfield,Mary Boyle,13526,,D,Treasurer of State
Fairfield,Robert Martin,0,,WI,Treasurer of State
Fayette,Joseph Deters,4376,,R,Treasurer of State
Fayette,Mary Boyle,2060,,D,Treasurer of State
Fayette,Robert Martin,0,,WI,Treasurer of State
Franklin,Joseph Deters,145722,,R,Treasurer of State
Franklin,Mary Boyle,121953,,D,Treasurer of State
Franklin,Robert Martin,1,,WI,Treasurer of State
Fulton,Joseph Deters,8031,,R,Treasurer of State
Fulton,Mary Boyle,4546,,D,Treasurer of State
Fulton,Robert Martin,0,,WI,Treasurer of State
Gallia,Joseph Deters,5070,,R,Treasurer of State
Gallia,Mary Boyle,3810,,D,Treasurer of State
Gallia,Robert Martin,0,,WI,Treasurer of State
Geauga,Joseph Deters,17824,,R,Treasurer of State
Geauga,Mary Boyle,12690,,D,Treasurer of State
Geauga,Robert Martin,5,,WI,Treasurer of State
Greene,Joseph Deters,26763,,R,Treasurer of State
Greene,Mary Boyle,15380,,D,Treasurer of State
Greene,Robert Martin,0,,WI,Treasurer of State
Guernsey,Joseph Deters,5526,,R,Treasurer of State
Guernsey,Mary Boyle,4997,,D,Treasurer of State
Guernsey,Robert Martin,0,,WI,Treasurer of State
Hamilton,Joseph Deters,158180,,R,Treasurer of State
Hamilton,Mary Boyle,86444,,D,Treasurer of State
Hamilton,Robert Martin,1,,WI,Treasurer of State
Hancock,Joseph Deters,14361,,R,Treasurer of State
Hancock,Mary Boyle,5543,,D,Treasurer of State
Hancock,Robert Martin,4,,WI,Treasurer of State
Hardin,Joseph Deters,4829,,R,Treasurer of State
Hardin,Mary Boyle,3210,,D,Treasurer of State
Hardin,Robert Martin,1,,WI,Treasurer of State
Harrison,Mary Boyle,3335,,D,Treasurer of State
Harrison,Joseph Deters,2225,,R,Treasurer of State
Harrison,Robert Martin,0,,WI,Treasurer of State
Henry,Joseph Deters,5804,,R,Treasurer of State
Henry,Mary Boyle,3043,,D,Treasurer of State
Henry,Robert Martin,0,,WI,Treasurer of State
Highland,Joseph Deters,7222,,R,Treasurer of State
Highland,Mary Boyle,3661,,D,Treasurer of State
Highland,Robert Martin,0,,WI,Treasurer of State
Hocking,Joseph Deters,3846,,R,Treasurer of State
Hocking,Mary Boyle,3594,,D,Treasurer of State
Hocking,Robert Martin,0,,WI,Treasurer of State
Holmes,Joseph Deters,4005,,R,Treasurer of State
Holmes,Mary Boyle,1873,,D,Treasurer of State
Holmes,Robert Martin,0,,WI,Treasurer of State
Huron,Joseph Deters,8307,,R,Treasurer of State
Huron,Mary Boyle,6312,,D,Treasurer of State
Huron,Robert Martin,0,,WI,Treasurer of State
Jackson,Joseph Deters,4970,,R,Treasurer of State
Jackson,Mary Boyle,3594,,D,Treasurer of State
Jackson,Robert Martin,0,,WI,Treasurer of State
Jefferson,Mary Boyle,13543,,D,Treasurer of State
Jefferson,Joseph Deters,9055,,R,Treasurer of State
Jefferson,Robert Martin,1,,WI,Treasurer of State
Knox,Joseph Deters,8730,,R,Treasurer of State
Knox,Mary Boyle,4971,,D,Treasurer of State
Knox,Robert Martin,0,,WI,Treasurer of State
Lake,Joseph Deters,31114,,R,Treasurer of State
Lake,Mary Boyle,30546,,D,Treasurer of State
Lake,Robert Martin,3,,WI,Treasurer of State
Lawrence,Joseph Deters,7850,,R,Treasurer of State
Lawrence,Mary Boyle,7132,,D,Treasurer of State
Lawrence,Robert Martin,0,,WI,Treasurer of State
Licking,Joseph Deters,28501,,R,Treasurer of State
Licking,Mary Boyle,17721,,D,Treasurer of State
Licking,Robert Martin,1,,WI,Treasurer of State
Logan,Joseph Deters,8447,,R,Treasurer of State
Logan,Mary Boyle,3899,,D,Treasurer of State
Logan,Robert Martin,0,,WI,Treasurer of State
Lorain,Mary Boyle,42999,,D,Treasurer of State
Lorain,Joseph Deters,32303,,R,Treasurer of State
Lorain,Robert Martin,0,,WI,Treasurer of State
Lucas,Mary Boyle,65365,,D,Treasurer of State
Lucas,Joseph Deters,52607,,R,Treasurer of State
Lucas,Robert Martin,4,,WI,Treasurer of State
Madison,Joseph Deters,6933,,R,Treasurer of State
Madison,Mary Boyle,3359,,D,Treasurer of State
Madison,Robert Martin,0,,WI,Treasurer of State
Mahoning,Mary Boyle,47412,,D,Treasurer of State
Mahoning,Joseph Deters,33954,,R,Treasurer of State
Mahoning,Robert Martin,69,,WI,Treasurer of State
Marion,Joseph Deters,10246,,R,Treasurer of State
Marion,Mary Boyle,6866,,D,Treasurer of State
Marion,Robert Martin,0,,WI,Treasurer of State
Medina,Joseph Deters,25191,,R,Treasurer of State
Medina,Mary Boyle,19889,,D,Treasurer of State
Medina,Robert Martin,1,,WI,Treasurer of State
Meigs,Joseph Deters,3616,,R,Treasurer of State
Meigs,Mary Boyle,2866,,D,Treasurer of State
Meigs,Robert Martin,0,,WI,Treasurer of State
Mercer,Joseph Deters,8850,,R,Treasurer of State
Mercer,Mary Boyle,5297,,D,Treasurer of State
Mercer,Robert Martin,0,,WI,Treasurer of State
Miami,Joseph Deters,19426,,R,Treasurer of State
Miami,Mary Boyle,9631,,D,Treasurer of State
Miami,Robert Martin,0,,WI,Treasurer of State
Monroe,Mary Boyle,3211,,D,Treasurer of State
Monroe,Joseph Deters,1670,,R,Treasurer of State
Monroe,Robert Martin,0,,WI,Treasurer of State
Montgomery,Joseph Deters,83777,,R,Treasurer of State
Montgomery,Mary Boyle,73720,,D,Treasurer of State
Montgomery,Robert Martin,0,,WI,Treasurer of State
Morgan,Joseph Deters,2726,,R,Treasurer of State
Morgan,Mary Boyle,1737,,D,Treasurer of State
Morgan,Robert Martin,0,,WI,Treasurer of State
Morrow,Joseph Deters,5814,,R,Treasurer of State
Morrow,Mary Boyle,3580,,D,Treasurer of State
Morrow,Robert Martin,1,,WI,Treasurer of State
Muskingum,Joseph Deters,13466,,R,Treasurer of State
Muskingum,Mary Boyle,8521,,D,Treasurer of State
Muskingum,Robert Martin,0,,WI,Treasurer of State
Noble,Joseph Deters,2101,,R,Treasurer of State
Noble,Mary Boyle,2028,,D,Treasurer of State
Noble,Robert Martin,0,,WI,Treasurer of State
Ottawa,Joseph Deters,7566,,R,Treasurer of State
Ottawa,Mary Boyle,6875,,D,Treasurer of State
Ottawa,Robert Martin,1,,WI,Treasurer of State
Paulding,Joseph Deters,3276,,R,Treasurer of State
Paulding,Mary Boyle,2705,,D,Treasurer of State
Paulding,Robert Martin,0,,WI,Treasurer of State
Perry,Joseph Deters,4647,,R,Treasurer of State
Perry,Mary Boyle,4223,,D,Treasurer of State
Perry,Robert Martin,0,,WI,Treasurer of State
Pickaway,Joseph Deters,7303,,R,Treasurer of State
Pickaway,Mary Boyle,4129,,D,Treasurer of State
Pickaway,Robert Martin,0,,WI,Treasurer of State
Pike,Mary Boyle,4224,,D,Treasurer of State
Pike,Joseph Deters,3382,,R,Treasurer of State
Pike,Robert Martin,0,,WI,Treasurer of State
Portage,Mary Boyle,22419,,D,Treasurer of State
Portage,Joseph Deters,17687,,R,Treasurer of State
Portage,Robert Martin,2,,WI,Treasurer of State
Preble,Joseph Deters,7422,,R,Treasurer of State
Preble,Mary Boyle,3894,,D,Treasurer of State
Preble,Robert Martin,0,,WI,Treasurer of State
Putnam,Joseph Deters,8398,,R,Treasurer of State
Putnam,Mary Boyle,3531,,D,Treasurer of State
Putnam,Robert Martin,0,,WI,Treasurer of State
Richland,Joseph Deters,19844,,R,Treasurer of State
Richland,Mary Boyle,16771,,D,Treasurer of State
Richland,Robert Martin,0,,WI,Treasurer of State
Ross,Joseph Deters,9503,,R,Treasurer of State
Ross,Mary Boyle,8003,,D,Treasurer of State
Ross,Robert Martin,0,,WI,Treasurer of State
Sandusky,Joseph Deters,10383,,R,Treasurer of State
Sandusky,Mary Boyle,7930,,D,Treasurer of State
Sandusky,Robert Martin,0,,WI,Treasurer of State
Scioto,Mary Boyle,11582,,D,Treasurer of State
Scioto,Joseph Deters,9848,,R,Treasurer of State
Scioto,Robert Martin,0,,WI,Treasurer of State
Seneca,Joseph Deters,9320,,R,Treasurer of State
Seneca,Mary Boyle,6851,,D,Treasurer of State
Seneca,Robert Martin,0,,WI,Treasurer of State
Shelby,Joseph Deters,8856,,R,Treasurer of State
Shelby,Mary Boyle,5440,,D,Treasurer of State
Shelby,Robert Martin,0,,WI,Treasurer of State
Stark,Joseph Deters,55497,,R,Treasurer of State
Stark,Mary Boyle,55167,,D,Treasurer of State
Stark,Robert Martin,0,,WI,Treasurer of State
Summit,Mary Boyle,87147,,D,Treasurer of State
Summit,Joseph Deters,65668,,R,Treasurer of State
Summit,Robert Martin,2,,WI,Treasurer of State
Trumbull,Mary Boyle,40150,,D,Treasurer of State
Trumbull,Joseph Deters,28584,,R,Treasurer of State
Trumbull,Robert Martin,0,,WI,Treasurer of State
Tuscarawas,Mary Boyle,13732,,D,Treasurer of State
Tuscarawas,Joseph Deters,10537,,R,Treasurer of State
Tuscarawas,Robert Martin,0,,WI,Treasurer of State
Union,Joseph Deters,8494,,R,Treasurer of State
Union,Mary Boyle,3461,,D,Treasurer of State
Union,Robert Martin,1,,WI,Treasurer of State
Van Wert,Joseph Deters,5863,,R,Treasurer of State
Van Wert,Mary Boyle,2991,,D,Treasurer of State
Van Wert,Robert Martin,0,,WI,Treasurer of State
Vinton,Joseph Deters,1853,,R,Treasurer of State
Vinton,Mary Boyle,1764,,D,Treasurer of State
Vinton,Robert Martin,0,,WI,Treasurer of State
Warren,Joseph Deters,36524,,R,Treasurer of State
Warren,Mary Boyle,12154,,D,Treasurer of State
Warren,Robert Martin,0,,WI,Treasurer of State
Washington,Joseph Deters,9302,,R,Treasurer of State
Washington,Mary Boyle,8022,,D,Treasurer of State
Washington,Robert Martin,0,,WI,Treasurer of State
Wayne,Joseph Deters,17750,,R,Treasurer of State
Wayne,Mary Boyle,11638,,D,Treasurer of State
Wayne,Robert Martin,0,,WI,Treasurer of State
Williams,Joseph Deters,6781,,R,Treasurer of State
Williams,Mary Boyle,4006,,D,Treasurer of State
Williams,Robert Martin,0,,WI,Treasurer of State
Wood,Joseph Deters,20723,,R,Treasurer of State
Wood,Mary Boyle,15894,,D,Treasurer of State
Wood,Robert Martin,2,,WI,Treasurer of State
Wyandot,Joseph Deters,3936,,R,Treasurer of State
Wyandot,Mary Boyle,2224,,D,Treasurer of State
Wyandot,Robert Martin,0,,WI,Treasurer of State
Adams,Rob Portman,4938,2.0,R,US Representative
Adams,Charles Sanders,2033,2.0,D,US Representative
Adams,James Condit Jr.,0,2.0,WI,US Representative
Allen,Michael Oxley,19872,4.0,R,US Representative
Allen,Jim Clark,9956,4.0,D,US Representative
Ashland,Ralph Regula,8174,16.0,R,US Representative
Ashland,Jim Rice,3170,16.0,D,US Representative
Ashland,Paul Gillmor,1892,5.0,R,US Representative
Ashland,Roger Anderson,1118,5.0,D,US Representative
Ashland,John Green,293,5.0,,US Representative
Ashtabula,Steven LaTourette,17901,14.0,R,US Representative
Ashtabula,Dale Blanchard,9438,14.0,D,US Representative
Ashtabula,Sid Stone,16,14.0,WI,US Representative
Athens,Ted Strickland,8227,6.0,D,US Representative
Athens,Mike Halleck,3292,6.0,R,US Representative
Athens,Bob Ney,2611,18.0,R,US Representative
Auglaize,Michael Oxley,9933,4.0,R,US Representative
Auglaize,Jim Clark,3752,4.0,D,US Representative
Belmont,Ted Strickland,11582,6.0,D,US Representative
Belmont,Mike Halleck,4878,6.0,R,US Representative
Belmont,Bob Ney,3821,18.0,R,US Representative
Brown,Rob Portman,8651,2.0,R,US Representative
Brown,Charles Sanders,3052,2.0,D,US Representative
Brown,James Condit Jr.,0,2.0,WI,US Representative
Butler,John Boehner,56928,8.0,R,US Representative
Butler,Jeff Hardenbrook,22071,8.0,D,US Representative
Butler,Steve Chabot,6195,1.0,R,US Representative
Butler,Greg Harris,1881,1.0,D,US Representative
Carroll,Bob Ney,6831,18.0,R,US Representative
Champaign,Michael Oxley,6488,4.0,R,US Representative
Champaign,Jim Clark,3811,4.0,D,US Representative
Clark,Dave Hobson,26093,7.0,R,US Representative
Clark,Kara Anastasio,10915,7.0,D,US Representative
Clark,Frank Doden,2023,7.0,,US Representative
Clermont,Rob Portman,34058,2.0,R,US Representative
Clermont,Charles Sanders,9142,2.0,D,US Representative
Clermont,James Condit Jr.,6,2.0,WI,US Representative
Clinton,Michael Turner,7028,3.0,R,US Representative
Clinton,Rick Carne,3190,3.0,D,US Representative
Clinton,Ronald Williamitis,2,3.0,WI,US Representative
Columbiana,Ted Strickland,15503,6.0,D,US Representative
Columbiana,Mike Halleck,15415,6.0,R,US Representative
Coshocton,Bob Ney,8373,18.0,R,US Representative
Crawford,Paul Gillmor,8574,5.0,R,US Representative
Crawford,Roger Anderson,3660,5.0,D,US Representative
Crawford,John Green,813,5.0,,US Representative
Cuyahoga,Sherrod Brown,17932,13.0,D,US Representative
Cuyahoga,Ed Oliveros,12153,13.0,R,US Representative
Cuyahoga,Steven LaTourette,11738,14.0,R,US Representative
Cuyahoga,Dale Blanchard,4276,14.0,D,US Representative
Cuyahoga,Sid Stone,1,14.0,WI,US Representative
Darke,John Boehner,13368,8.0,R,US Representative
Darke,Jeff Hardenbrook,4228,8.0,D,US Representative
Defiance,Paul Gillmor,7093,5.0,R,US Representative
Defiance,Roger Anderson,3071,5.0,D,US Representative
Defiance,John Green,536,5.0,,US Representative
Delaware,Pat Tiberi,30397,12.0,R,US Representative
Delaware,Edward Brown,8784,12.0,D,US Representative
Erie,Marcy Kaptur,14116,9.0,D,US Representative
Erie,Ed Emery,9472,9.0,R,US Representative
Fairfield,Dave Hobson,27338,7.0,R,US Representative
Fairfield,Kara Anastasio,8900,7.0,D,US Representative
Fairfield,Frank Doden,1759,7.0,,US Representative
Fayette,Dave Hobson,4979,7.0,R,US Representative
Fayette,Kara Anastasio,1292,7.0,D,US Representative
Fayette,Frank Doden,270,7.0,,US Representative
Franklin,Deborah Pryce,91242,15.0,R,US Representative
Franklin,Pat Tiberi,64214,12.0,R,US Representative
Franklin,Mark Brown,48742,15.0,D,US Representative
Franklin,Edward Brown,47315,12.0,D,US Representative
Franklin,Dave Hobson,9807,7.0,R,US Representative
Franklin,Kara Anastasio,7625,7.0,D,US Representative
Franklin,Frank Doden,1268,7.0,,US Representative
Fulton,Paul Gillmor,8791,5.0,R,US Representative
Fulton,Roger Anderson,3283,5.0,D,US Representative
Fulton,John Green,716,5.0,,US Representative
Gallia,Ted Strickland,5653,6.0,D,US Representative
Gallia,Mike Halleck,3832,6.0,R,US Representative
Geauga,Steven LaTourette,23730,14.0,R,US Representative
Geauga,Dale Blanchard,7274,14.0,D,US Representative
Geauga,Sid Stone,25,14.0,WI,US Representative
Greene,Dave Hobson,30821,7.0,R,US Representative
Greene,Kara Anastasio,9969,7.0,D,US Representative
Greene,Frank Doden,2214,7.0,,US Representative
Guernsey,Bob Ney,9072,18.0,R,US Representative
Hamilton,Steve Chabot,104565,1.0,R,US Representative
Hamilton,Rob Portman,63037,2.0,R,US Representative
Hamilton,Greg Harris,58287,1.0,D,US Representative
Hamilton,Charles Sanders,20198,2.0,D,US Representative
Hamilton,James Condit Jr.,7,2.0,WI,US Representative
Hancock,Michael Oxley,14729,4.0,R,US Representative
Hancock,Jim Clark,5787,4.0,D,US Representative
Hardin,Michael Oxley,5412,4.0,R,US Representative
Hardin,Jim Clark,2994,4.0,D,US Representative
Harrison,Bob Ney,4710,18.0,R,US Representative
Henry,Paul Gillmor,6813,5.0,R,US Representative
Henry,Roger Anderson,1877,5.0,D,US Representative
Henry,John Green,482,5.0,,US Representative
Highland,Michael Turner,6816,3.0,R,US Representative
Highland,Rick Carne,4007,3.0,D,US Representative
Highland,Ronald Williamitis,0,3.0,WI,US Representative
Hocking,Bob Ney,4801,18.0,R,US Representative
Holmes,Bob Ney,4875,18.0,R,US Representative
Huron,Paul Gillmor,10317,5.0,R,US Representative
Huron,Roger Anderson,3927,5.0,D,US Representative
Huron,John Green,709,5.0,,US Representative
Jackson,Bob Ney,5802,18.0,R,US Representative
Jefferson,Ted Strickland,14661,6.0,D,US Representative
Jefferson,Mike Halleck,8806,6.0,R,US Representative
Knox,Bob Ney,9551,18.0,R,US Representative
Lake,Steven LaTourette,50721,14.0,R,US Representative
Lake,Dale Blanchard,14485,14.0,D,US Representative
Lake,Sid Stone,65,14.0,WI,US Representative
Lawrence,Ted Strickland,9253,6.0,D,US Representative
Lawrence,Mike Halleck,6548,6.0,R,US Representative
Licking,Pat Tiberi,22371,12.0,R,US Representative
Licking,Bob Ney,11787,18.0,R,US Representative
Licking,Edward Brown,8608,12.0,D,US Representative
Logan,Michael Oxley,9330,4.0,R,US Representative
Logan,Jim Clark,3186,4.0,D,US Representative
Lorain,Sherrod Brown,41165,13.0,D,US Representative
Lorain,Ed Oliveros,14822,13.0,R,US Representative
Lorain,Marcy Kaptur,12040,9.0,D,US Representative
Lorain,Ed Emery,8777,9.0,R,US Representative
Lucas,Marcy Kaptur,96410,9.0,D,US Representative
Lucas,Ed Emery,23230,9.0,R,US Representative
Lucas,Paul Gillmor,3536,5.0,R,US Representative
Lucas,Roger Anderson,1698,5.0,D,US Representative
Lucas,John Green,391,5.0,,US Representative
Madison,Deborah Pryce,7848,15.0,R,US Representative
Madison,Mark Brown,2615,15.0,D,US Representative
Mahoning,Timothy Ryan,24235,17.0,D,US Representative
Mahoning,Ted Strickland,20818,6.0,D,US Representative
Mahoning,Mike Halleck,18194,6.0,R,US Representative
Mahoning,Ann Womer Benjamin,13057,17.0,R,US Representative
Mahoning,James Traficant Jr.,9838,17.0,,US Representative
Marion,Michael Oxley,11407,4.0,R,US Representative
Marion,Jim Clark,6074,4.0,D,US Representative
Medina,Ralph Regula,20692,16.0,R,US Representative
Medina,Jim Rice,10311,16.0,D,US Representative
Medina,Sherrod Brown,9556,13.0,D,US Representative
Medina,Ed Oliveros,4543,13.0,R,US Representative
Meigs,Ted Strickland,4151,6.0,D,US Representative
Meigs,Mike Halleck,2948,6.0,R,US Representative
Mercer,John Boehner,8969,8.0,R,US Representative
Mercer,Paul Gillmor,2536,5.0,R,US Representative
Mercer,Jeff Hardenbrook,2422,8.0,D,US Representative
Mercer,Roger Anderson,884,5.0,D,US Representative
Mercer,John Green,222,5.0,,US Representative
Miami,John Boehner,21133,8.0,R,US Representative
Miami,Jeff Hardenbrook,8486,8.0,D,US Representative
Monroe,Ted Strickland,3716,6.0,D,US Representative
Monroe,Mike Halleck,1445,6.0,R,US Representative
Montgomery,Michael Turner,78533,3.0,R,US Representative
Montgomery,Rick Carne,64407,3.0,D,US Representative
Montgomery,John Boehner,11358,8.0,R,US Representative
Montgomery,Jeff Hardenbrook,8946,8.0,D,US Representative
Montgomery,Ronald Williamitis,10,3.0,WI,US Representative
Morgan,Bob Ney,3677,18.0,R,US Representative
Morrow,Michael Oxley,6303,4.0,R,US Representative
Morrow,Jim Clark,3163,4.0,D,US Representative
Muskingum,Bob Ney,18631,18.0,R,US Representative
Noble,Ted Strickland,2210,6.0,D,US Representative
Noble,Mike Halleck,2090,6.0,R,US Representative
Ottawa,Marcy Kaptur,9670,9.0,D,US Representative
Ottawa,Ed Emery,5002,9.0,R,US Representative
Paulding,Paul Gillmor,4035,5.0,R,US Representative
Paulding,Roger Anderson,1888,5.0,D,US Representative
Paulding,John Green,292,5.0,,US Representative
Perry,Dave Hobson,4547,7.0,R,US Representative
Perry,Kara Anastasio,3366,7.0,D,US Representative
Perry,Frank Doden,591,7.0,,US Representative
Pickaway,Dave Hobson,8046,7.0,R,US Representative
Pickaway,Kara Anastasio,2880,7.0,D,US Representative
Pickaway,Frank Doden,587,7.0,,US Representative
Pike,Charles Sanders,4110,2.0,D,US Representative
Pike,Rob Portman,3441,2.0,R,US Representative
Pike,James Condit Jr.,0,2.0,WI,US Representative
Portage,Ann Womer Benjamin,14956,17.0,R,US Representative
Portage,Timothy Ryan,14379,17.0,D,US Representative
Portage,Steven LaTourette,6227,14.0,R,US Representative
Portage,James Traficant Jr.,3308,17.0,,US Representative
Portage,Dale Blanchard,2906,14.0,D,US Representative
Portage,Sid Stone,0,14.0,WI,US Representative
Preble,John Boehner,8191,8.0,R,US Representative
Preble,Jeff Hardenbrook,3291,8.0,D,US Representative
Putnam,Paul Gillmor,9402,5.0,R,US Representative
Putnam,Roger Anderson,2385,5.0,D,US Representative
Putnam,John Green,586,5.0,,US Representative
Richland,Michael Oxley,23721,4.0,R,US Representative
Richland,Jim Clark,13794,4.0,D,US Representative
Ross,Bob Ney,9044,18.0,R,US Representative
Ross,Dave Hobson,1621,7.0,R,US Representative
Ross,Kara Anastasio,621,7.0,D,US Representative
Ross,Frank Doden,100,7.0,,US Representative
Sandusky,Paul Gillmor,12500,5.0,R,US Representative
Sandusky,Roger Anderson,5460,5.0,D,US Representative
Sandusky,John Green,950,5.0,,US Representative
Scioto,Ted Strickland,7106,6.0,D,US Representative
Scioto,Rob Portman,6299,2.0,R,US Representative
Scioto,Charles Sanders,5980,2.0,D,US Representative
Scioto,Mike Halleck,2544,6.0,R,US Representative
Scioto,James Condit Jr.,0,2.0,WI,US Representative
Seneca,Paul Gillmor,11415,5.0,R,US Representative
Seneca,Roger Anderson,4586,5.0,D,US Representative
Seneca,John Green,837,5.0,,US Representative
Shelby,Michael Oxley,10497,4.0,R,US Representative
Shelby,Jim Clark,4119,4.0,D,US Representative
Stark,Ralph Regula,77801,16.0,R,US Representative
Stark,Jim Rice,37718,16.0,D,US Representative
Summit,Sherrod Brown,54372,13.0,D,US Representative
Summit,Ed Oliveros,23839,13.0,R,US Representative
Summit,Steven LaTourette,22138,14.0,R,US Representative
Summit,Timothy Ryan,18593,17.0,D,US Representative
Summit,Ann Womer Benjamin,13137,17.0,R,US Representative
Summit,Dale Blanchard,12157,14.0,D,US Representative
Summit,James Traficant Jr.,3040,17.0,,US Representative
Summit,Sid Stone,5,14.0,WI,US Representative
Trumbull,Timothy Ryan,37234,17.0,D,US Representative
Trumbull,Ann Womer Benjamin,21038,17.0,R,US Representative
Trumbull,James Traficant Jr.,11859,17.0,,US Representative
Trumbull,Steven LaTourette,1958,14.0,R,US Representative
Trumbull,Dale Blanchard,1310,14.0,D,US Representative
Trumbull,Sid Stone,1,14.0,WI,US Representative
Tuscarawas,Bob Ney,19798,18.0,R,US Representative
Union,Deborah Pryce,9103,15.0,R,US Representative
Union,Mark Brown,2929,15.0,D,US Representative
Van Wert,Paul Gillmor,6696,5.0,R,US Representative
Van Wert,Roger Anderson,1906,5.0,D,US Representative
Van Wert,John Green,517,5.0,,US Representative
Vinton,Bob Ney,2162,18.0,R,US Representative
Warren,Michael Turner,19253,3.0,R,US Representative
Warren,Rob Portman,18794,2.0,R,US Representative
Warren,Rick Carne,6703,3.0,D,US Representative
Warren,Charles Sanders,4270,2.0,D,US Representative
Warren,Ronald Williamitis,2,3.0,WI,US Representative
Warren,James Condit Jr.,0,2.0,WI,US Representative
Washington,Ted Strickland,11092,6.0,D,US Representative
Washington,Mike Halleck,7651,6.0,R,US Representative
Wayne,Ralph Regula,23067,16.0,R,US Representative
Wayne,Jim Rice,7445,16.0,D,US Representative
Williams,Paul Gillmor,7906,5.0,R,US Representative
Williams,Roger Anderson,2637,5.0,D,US Representative
Williams,John Green,647,5.0,,US Representative
Wood,Paul Gillmor,22703,5.0,R,US Representative
Wood,Roger Anderson,12795,5.0,D,US Representative
Wood,John Green,1921,5.0,,US Representative
Wyandot,Michael Oxley,2309,4.0,R,US Representative
Wyandot,Paul Gillmor,2077,5.0,R,US Representative
Wyandot,Jim Clark,1090,4.0,D,US Representative
Wyandot,Roger Anderson,697,5.0,D,US Representative
Wyandot,John Green,184,5.0,,US Representative
